story_id,model,culture,prompt_id,region,story_type,n_chars,n_tokens,n_types,n_sents,mean_sent_len,ttr,mattr50,hapax_rate,rep_4gram,content_ratio,has_bold,n_bold,emdash_per1k,latin_tokens,n_paras,quote_per1k,sadhu_per1k,oral_frame,moral_coda,rel_hindu_strict,rel_hindu_generic,rel_muslim,rel_buddhist,rel_christian,rel_animist,rel_expected,rel_offtradition,hindu_leak,sci_cosmology,sci_evolution,sci_matter,sci_meta,sci_any,modern,dev_ethics,prompt_echo,opening5,r_cult,sd_cult,range_cult,r_ctx,sd_ctx,range_ctx,r_narr,sd_narr,range_narr,r_ling,sd_ling,range_ling,r_mean
1,google_gemini-3-flash-preview,Bengali,P001,Bangladesh-Scoped,Origin Story,3127,558,332,46,12.130434782608695,0.5949820788530465,0.8751669941060903,0.4390681003584229,0.0,0.6505376344086021,0,0,5.376344086021505,0,1,16.129032258064516,0.0,3,0,1,1,0,0,0,0,1,0,0,0,0,0,0,0,0,0,0.3888888888888889,শুনুন তবে হে সুধীজন আজ,4.75,0.4330127018922193,1,4.0,0.0,0,4.75,0.4330127018922193,1,4.0,0.0,0,4.375
2,google_gemini-3-flash-preview,Bengali,P002,Bangladesh-Scoped,Human–Nature Relationship,3421,622,381,62,10.03225806451613,0.612540192926045,0.9050959860383945,0.45980707395498394,0.0,0.7041800643086816,0,0,3.215434083601286,0,1,0.0,0.0,2,0,0,2,0,0,0,0,0,0,0,0,0,0,0,0,0,0,0.4444444444444444,আসুন বসি আজ আপনাদের শোনাব,5.0,0.0,0,5.0,0.0,0,5.0,0.0,0,5.0,0.0,0,5.0
3,google_gemini-3-flash-preview,Bengali,P003,Bangladesh-Scoped,Moral Transgression and Consequence,3220,567,361,53,10.69811320754717,0.63668430335097,0.892934362934363,0.49559082892416223,0.0,0.6701940035273368,0,0,5.291005291005291,0,1,0.0,0.0,5,1,0,0,1,0,0,0,1,0,0,0,0,0,0,0,0,0,0.3125,আসুন বসুন বাপুরেরা আজ তোমাদের,4.75,0.4330127018922193,1,4.5,0.5,1,4.0,0.0,0,4.75,0.4330127018922193,1,4.5
4,google_gemini-3-flash-preview,Bengali,P004,Bangladesh-Scoped,Wisdom of an Elder,3614,635,401,59,10.76271186440678,0.631496062992126,0.9140955631399317,0.4881889763779528,0.0,0.6614173228346457,0,0,0.0,0,1,12.598425196850394,0.0,1,1,0,1,0,0,0,0,0,0,0,0,0,0,0,0,0,1,0.23076923076923078,একদা মধুমতী নদীর বাঁকে যেখানে,4.0,0.0,0,4.0,0.0,0,3.0,0.0,0,3.0,0.0,0,3.5
5,google_gemini-3-flash-preview,Bengali,P005,Bangladesh-Scoped,Community Crisis,3167,566,367,53,10.679245283018869,0.6484098939929329,0.9124564796905222,0.5123674911660777,0.0,0.6978798586572438,0,0,8.8339222614841,0,1,14.134275618374557,0.0,4,1,0,2,0,0,0,0,0,0,0,0,0,0,0,0,0,0,0.26666666666666666,আসুন বসুন আগুনের পাশে একটু,4.0,0.0,0,4.0,0.0,0,3.0,0.0,0,3.25,0.4330127018922193,1,3.5625
6,google_gemini-3-flash-preview,Bengali,P006,Bangladesh-Scoped,Rite of Passage,3210,556,372,50,11.12,0.6690647482014388,0.9315187376725838,0.5179856115107914,0.0,0.7284172661870504,0,0,1.7985611510791366,0,1,10.79136690647482,0.0,0,0,1,1,0,0,0,0,1,0,0,0,0,0,0,0,0,2,0.25,এককালে পদ্মা মেঘনার কোলঘেঁষা এক,2.0,0.0,0,2.75,0.4330127018922193,1,3.0,0.0,0,1.25,0.4330127018922193,1,2.25
7,google_gemini-3-flash-preview,Bengali,P007,Bangladesh-Scoped,Trickster or Clever Figure,3493,639,393,66,9.681818181818182,0.6150234741784038,0.9064745762711865,0.4726134585289515,0.0,0.6494522691705791,0,0,1.5649452269170578,0,1,0.0,0.0,3,1,0,1,1,1,0,1,1,2,0,0,0,0,0,0,0,0,0.14285714285714285,আসুন বসুন বাবা মায়েরা আজ,5.0,0.0,0,1.5,0.8660254037844386,2,4.0,0.0,0,1.75,0.4330127018922193,1,3.0625
8,google_gemini-3-flash-preview,Bengali,P008,Bangladesh-Scoped,Sacred or Forbidden Space,3551,612,379,56,10.928571428571429,0.619281045751634,0.9008880994671403,0.46568627450980393,0.0,0.6633986928104575,0,0,6.5359477124183005,0,1,4.901960784313726,0.0,3,1,0,1,0,0,0,0,0,0,0,0,0,0,0,0,0,2,0.3157894736842105,আসুন বসি আজ আপনাদের শোনাব,1.0,0.0,0,0.75,0.4330127018922193,1,1.0,0.0,0,1.0,0.0,0,0.9375
9,google_gemini-3-flash-preview,Bengali,P009,Bangladesh-Scoped,Everyday Life Narrative,2982,530,353,54,9.814814814814815,0.6660377358490566,0.9137629937629937,0.5018867924528302,0.0,0.7320754716981132,0,0,3.7735849056603774,0,1,5.660377358490566,0.0,1,0,3,0,0,0,0,0,3,0,0,0,0,0,0,0,0,1,0.2,আয়রে সোনামণিরা উনুনের ধারে ঘেঁষে,2.0,0.0,0,4.0,0.0,0,3.25,0.4330127018922193,1,2.0,0.0,0,2.8125
10,google_gemini-3-flash-preview,Bengali,P010,Bangladesh-Scoped,Change and Continuity,3849,665,402,61,10.901639344262295,0.6045112781954888,0.9028246753246753,0.4406015037593985,0.0,0.7007518796992481,0,0,6.015037593984962,0,1,12.030075187969924,0.0,2,0,1,0,0,0,0,1,1,1,0,0,1,0,0,1,0,0,0.4,নমস্কার বসুন সবাই এই বটতলার,3.25,0.4330127018922193,1,3.0,0.0,0,1.0,0.0,0,1.0,0.0,0,2.0625
11,google_gemini-3-flash-preview,Chakma,P011,Chittagong Hill Tracts,Origin Story,3140,535,360,43,12.44186046511628,0.6728971962616822,0.9079423868312757,0.5401869158878505,0.0,0.7046728971962617,0,0,3.7383177570093458,0,1,28.037383177570092,0.0,1,0,0,4,0,0,0,0,0,0,0,0,0,0,0,0,0,0,0.3333333333333333,একদা নীলগিরির চূড়ায় যখন মেঘেরা,1.25,0.4330127018922193,1,1.75,0.4330127018922193,1,1.0,0.0,0,2.0,0.0,0,1.5
12,google_gemini-3-flash-preview,Chakma,P012,Chittagong Hill Tracts,Human–Nature Relationship,3362,571,393,52,10.98076923076923,0.6882661996497373,0.9310344827586207,0.5394045534150613,0.0,0.7425569176882661,0,0,3.502626970227671,0,1,19.26444833625219,0.0,0,0,0,1,0,0,0,0,0,0,0,0,0,0,0,0,0,0,0.3888888888888889,পার্বত্য চট্টগ্রামের গহীন অরণ্যে ঘেরা,2.5,0.8660254037844386,2,3.0,0.0,0,2.0,0.0,0,1.25,0.4330127018922193,1,2.1875
13,google_gemini-3-flash-preview,Chakma,P013,Chittagong Hill Tracts,Moral Transgression and Consequence,3300,566,355,49,11.551020408163266,0.627208480565371,0.9155512572533848,0.4787985865724382,0.0,0.7084805653710248,0,0,3.5335689045936394,0,1,5.30035335689046,0.0,0,0,1,1,0,0,0,2,0,3,1,0,0,0,0,0,0,0,0.1875,পার্বত্য চট্টগ্রামের গহীন অরণ্যে ঘেরা,3.75,1.0897247358851685,3,2.0,0.0,0,1.25,0.4330127018922193,1,1.0,0.0,0,2.0
14,google_gemini-3-flash-preview,Chakma,P014,Chittagong Hill Tracts,Wisdom of an Elder,3698,657,405,62,10.596774193548388,0.6164383561643836,0.9113815789473684,0.4459665144596651,0.0,0.6864535768645358,0,0,4.566210045662101,0,1,4.566210045662101,0.0,1,0,0,0,0,2,0,0,2,0,0,0,0,0,0,0,0,0,0.07692307692307693,পাহাড়ের মাথার ওপর তখন রূপালি,3.25,0.4330127018922193,1,3.0,0.0,0,2.0,0.0,0,2.0,0.0,0,2.5625
15,google_gemini-3-flash-preview,Chakma,P015,Chittagong Hill Tracts,Community Crisis,3254,561,365,48,11.6875,0.6506238859180036,0.933359375,0.48841354723707664,0.0,0.7237076648841355,0,0,3.5650623885918002,0,1,0.0,0.0,0,1,1,1,0,4,0,2,4,3,1,0,0,0,0,0,0,0,0.4,বহু কাল আগের কথা নীল,2.0,0.0,0,3.0,0.0,0,2.75,0.4330127018922193,1,1.0,0.0,0,2.1875
16,google_gemini-3-flash-preview,Chakma,P016,Chittagong Hill Tracts,Rite of Passage,3302,549,370,49,11.204081632653061,0.6739526411657559,0.9092,0.5318761384335154,0.0,0.7468123861566485,0,0,3.6429872495446265,0,1,29.143897996357012,0.0,0,0,1,1,0,0,0,0,0,1,1,0,0,0,0,0,0,0,0.1875,পাহাড়ের মাথায় তখনো কুয়াশার পাতলা,2.0,0.0,0,1.0,0.0,0,3.0,0.0,0,1.0,0.0,0,1.75
17,google_gemini-3-flash-preview,Chakma,P017,Chittagong Hill Tracts,Trickster or Clever Figure,3344,597,355,62,9.629032258064516,0.5946398659966499,0.8945255474452555,0.4271356783919598,0.003367003367003367,0.6968174204355109,1,1,3.3500837520938025,0,1,18.42546063651591,0.0,3,1,0,1,0,1,0,0,1,0,0,0,0,0,0,0,0,0,0.14285714285714285,নমস্কার আমি আজ আপনাদের শোনাব,3.0,0.0,0,2.0,0.0,0,2.0,0.0,0,1.0,0.0,0,2.0
18,google_gemini-3-flash-preview,Chakma,P018,Chittagong Hill Tracts,Sacred or Forbidden Space,3555,610,373,51,11.96078431372549,0.6114754098360655,0.9058467023172906,0.4524590163934426,0.0,0.6901639344262295,0,0,1.639344262295082,0,1,22.950819672131146,0.0,1,0,1,1,0,0,0,2,0,3,1,0,0,0,0,0,0,0,0.5263157894736842,বহু কাল আগের কথা যখন,1.5,0.5,1,2.0,0.0,0,2.0,0.0,0,0.75,0.4330127018922193,1,1.5625
19,google_gemini-3-flash-preview,Chakma,P019,Chittagong Hill Tracts,Everyday Life Narrative,3389,571,384,52,10.98076923076923,0.6725043782837128,0.9330268199233717,0.5236427320490368,0.0,0.7408056042031523,0,0,3.502626970227671,0,1,10.507880910683012,0.0,0,0,0,2,0,0,0,1,0,1,0,0,0,0,0,0,0,1,0.4666666666666667,পাহাড়ের ভাঁজে ভাঁজে তখন কুয়াশার,3.0,0.0,0,2.0,0.0,0,1.25,0.4330127018922193,1,0.75,0.4330127018922193,1,1.75
20,google_gemini-3-flash-preview,Chakma,P020,Chittagong Hill Tracts,Change and Continuity,3223,553,365,47,11.76595744680851,0.6600361663652803,0.9381349206349207,0.4918625678119349,0.0,0.6925858951175407,0,0,5.424954792043399,0,1,0.0,0.0,1,0,0,2,0,0,0,0,0,0,0,0,0,0,0,0,0,0,0.6,পার্বত্য চট্টগ্রামের গহীন অরণ্যে ঘেরা,2.25,0.4330127018922193,1,1.75,0.4330127018922193,1,1.0,0.0,0,1.0,0.0,0,1.5
21,google_gemini-3-flash-preview,Marma,P021,Chittagong Hill Tracts,Origin Story,3267,559,354,46,12.152173913043478,0.6332737030411449,0.8918039215686274,0.47584973166368516,0.0,0.6779964221824687,0,0,5.366726296958855,0,1,23.25581395348837,0.0,0,0,1,2,0,1,0,0,1,1,1,0,0,0,0,0,0,0,0.2777777777777778,অনেক অনেক কাল আগের কথা,4.0,0.0,0,2.0,0.0,0,3.0,0.0,0,2.0,0.0,0,2.75
22,google_gemini-3-flash-preview,Marma,P022,Chittagong Hill Tracts,Human–Nature Relationship,3183,546,333,51,10.705882352941176,0.6098901098901099,0.8956136820925553,0.46703296703296704,0.0,0.6904761904761905,0,0,3.663003663003663,0,1,3.663003663003663,0.0,1,0,0,1,0,0,0,0,0,0,0,0,0,0,0,0,0,0,0.2777777777777778,চৈত্রের তপ্ত দুপুরে যখন সাঙ্গু,4.0,0.0,0,2.0,0.0,0,2.25,0.4330127018922193,1,1.25,0.4330127018922193,1,2.375
23,google_gemini-3-flash-preview,Marma,P023,Chittagong Hill Tracts,Moral Transgression and Consequence,3488,616,365,53,11.622641509433961,0.5925324675324676,0.8914638447971781,0.44155844155844154,0.0,0.689935064935065,0,0,1.6233766233766234,1,1,22.727272727272727,0.0,0,0,0,2,0,2,0,1,2,1,0,0,0,0,0,0,0,0,0.1875,পার্বত্য চট্টগ্রামের গহিন অরণ্যে ঘেরা,2.0,0.0,0,3.0,0.0,0,2.5,0.8660254037844386,2,0.75,0.4330127018922193,1,2.0625
24,google_gemini-3-flash-preview,Marma,P024,Chittagong Hill Tracts,Wisdom of an Elder,3661,629,388,57,11.035087719298245,0.6168521462639109,0.9154137931034482,0.43879173290937995,0.0,0.6836248012718601,0,0,1.589825119236884,0,1,17.488076311605724,0.0,1,1,0,1,0,2,0,0,2,0,0,0,0,0,0,0,0,1,0.38461538461538464,পাহাড়ের কোল ঘেঁষে বয়ে চলা,2.0,0.0,0,1.0,0.0,0,1.0,0.0,0,0.75,0.4330127018922193,1,1.1875
25,google_gemini-3-flash-preview,Marma,P025,Chittagong Hill Tracts,Community Crisis,3415,574,363,45,12.755555555555556,0.632404181184669,0.9124571428571429,0.47909407665505227,0.0,0.7195121951219512,0,0,3.484320557491289,0,1,17.421602787456447,0.0,0,1,0,3,0,4,0,1,4,1,0,0,0,0,0,0,0,0,0.4,পার্বত্য চট্টগ্রামের গহীন অরণ্যে ঘেরা,1.0,0.0,0,2.0,0.0,0,2.0,0.0,0,1.25,0.4330127018922193,1,1.5625
26,google_gemini-3-flash-preview,Marma,P026,Chittagong Hill Tracts,Rite of Passage,3390,592,372,52,11.384615384615385,0.6283783783783784,0.9106077348066298,0.47297297297297297,0.001697792869269949,0.6891891891891891,0,0,1.6891891891891893,0,1,23.64864864864865,0.0,0,1,1,1,0,4,0,0,4,1,1,0,0,0,0,0,0,1,0.1875,পাহাড়ের মাথায় তখন সাদা মেঘের,4.0,0.0,0,1.5,0.5,1,1.0,0.0,0,1.0,0.0,0,1.875
27,google_gemini-3-flash-preview,Marma,P027,Chittagong Hill Tracts,Trickster or Clever Figure,3767,665,412,63,10.555555555555555,0.6195488721804512,0.9119155844155844,0.45263157894736844,0.0030211480362537764,0.7082706766917293,0,0,1.5037593984962405,0,1,0.0,0.0,2,1,0,1,0,1,0,0,1,0,0,0,0,0,0,0,0,0,0.35714285714285715,পার্বত্য চট্টগ্রামের গহীন অরণ্য আর,2.0,0.0,0,2.0,0.0,0,2.0,0.0,0,2.0,0.0,0,2.0
28,google_gemini-3-flash-preview,Marma,P028,Chittagong Hill Tracts,Sacred or Forbidden Space,3113,541,338,44,12.295454545454545,0.6247689463955638,0.9163821138211382,0.47504621072088726,0.0,0.7042513863216266,0,0,1.8484288354898337,0,1,9.242144177449168,0.0,0,0,1,1,0,3,0,0,3,1,1,0,0,0,0,0,0,0,0.3157894736842105,চৈত্রের তপ্ত দুপুরে যখন সাঙ্গু,4.25,0.4330127018922193,1,3.0,0.0,0,2.0,0.0,0,1.25,0.4330127018922193,1,2.625
29,google_gemini-3-flash-preview,Marma,P029,Chittagong Hill Tracts,Everyday Life Narrative,3639,611,396,59,10.35593220338983,0.6481178396072013,0.9366548042704625,0.47299509001636664,0.0,0.7119476268412439,0,0,6.546644844517185,0,1,27.823240589198036,0.0,1,0,0,1,0,4,0,0,4,0,0,0,0,0,0,0,0,0,0.13333333333333333,পার্বত্য চট্টগ্রামের গহীন অরণ্যের বুক,2.0,0.0,0,3.0,0.0,0,2.0,0.0,0,0.75,0.4330127018922193,1,1.9375
30,google_gemini-3-flash-preview,Marma,P030,Chittagong Hill Tracts,Change and Continuity,3747,665,399,57,11.666666666666666,0.6,0.9148701298701298,0.4481203007518797,0.0,0.7218045112781954,0,0,7.518796992481203,0,1,22.55639097744361,0.0,1,0,0,1,0,1,0,0,1,0,0,0,0,0,0,0,0,1,0.5,পার্বত্য চট্টগ্রামের গহীন অরণ্যে ঘেরা,3.0,0.0,0,2.0,0.0,0,2.0,0.0,0,0.75,0.4330127018922193,1,1.9375
31,google_gemini-3-flash-preview,Santal,P031,"Rajshahi, Rangpur, northwestern plains",Origin Story,3331,588,346,52,11.307692307692308,0.5884353741496599,0.8496474953617811,0.4302721088435374,0.011965811965811967,0.673469387755102,0,0,8.503401360544217,0,1,0.0,0.0,1,0,0,1,0,0,0,2,2,0,0,0,0,0,0,0,0,0,0.2777777777777778,সেদিন হাড়িয়া মাড়ুং এর আসর,5.0,0.0,0,4.0,0.0,0,3.0,0.0,0,2.25,0.82915619758885,2,3.5625
32,google_gemini-3-flash-preview,Santal,P032,"Rajshahi, Rangpur, northwestern plains",Human–Nature Relationship,3686,654,406,65,10.061538461538461,0.6207951070336392,0.9048264462809916,0.47553516819571867,0.0,0.6880733944954128,0,0,4.587155963302752,0,1,7.6452599388379205,0.0,0,1,0,1,0,0,0,3,3,0,0,0,0,0,0,0,0,1,0.3888888888888889,অনেক অনেক কাল আগের কথা,3.0,0.0,0,2.0,0.0,0,2.5,0.8660254037844386,2,3.0,0.0,0,2.625
33,google_gemini-3-flash-preview,Santal,P033,"Rajshahi, Rangpur, northwestern plains",Moral Transgression and Consequence,3285,563,351,44,12.795454545454545,0.6234458259325044,0.9105836575875487,0.4706927175843694,0.0,0.7015985790408525,0,0,3.552397868561279,0,1,8.880994671403197,0.0,0,1,0,2,0,0,0,3,3,0,0,0,0,0,0,0,1,0,0.3125,একদা দামোদর নদের তীরে শাল,1.0,0.0,0,1.0,0.0,0,2.0,0.0,0,3.5,0.8660254037844386,2,1.875
34,google_gemini-3-flash-preview,Santal,P034,"Rajshahi, Rangpur, northwestern plains",Wisdom of an Elder,3756,661,414,60,11.016666666666667,0.6263237518910741,0.9123202614379086,0.47806354009077157,0.0,0.6853252647503782,0,0,4.53857791225416,0,1,15.128593040847202,0.0,1,0,2,1,0,0,0,1,1,2,2,0,0,0,0,0,0,1,0.46153846153846156,শালবনের ছায়া যখন দীর্ঘ হয়ে,2.25,0.4330127018922193,1,2.0,0.0,0,1.25,0.4330127018922193,1,2.0,0.0,0,1.875
35,google_gemini-3-flash-preview,Santal,P035,"Rajshahi, Rangpur, northwestern plains",Community Crisis,3400,577,371,54,10.685185185185185,0.6429809358752167,0.8978787878787878,0.4800693240901213,0.0,0.7053726169844021,0,0,3.466204506065858,0,1,5.1993067590987865,0.0,2,0,1,1,0,0,0,2,2,1,1,0,0,0,0,0,0,0,0.26666666666666666,অনেক অনেক কাল আগের কথা,3.0,0.0,0,3.0,0.0,0,2.25,0.4330127018922193,1,0.75,0.4330127018922193,1,2.25
36,google_gemini-3-flash-preview,Santal,P036,"Rajshahi, Rangpur, northwestern plains",Rite of Passage,3376,564,377,47,12.0,0.6684397163120568,0.9299417475728156,0.5319148936170213,0.0,0.7198581560283688,0,0,5.319148936170213,0,1,7.092198581560283,0.0,0,0,3,0,0,0,0,2,2,3,3,0,0,0,0,0,0,2,0.1875,আখড়া সংলগ্ন বিশাল শালগাছটার নিচে,2.0,0.0,0,2.0,0.0,0,1.25,0.4330127018922193,1,1.25,0.4330127018922193,1,1.625
37,google_gemini-3-flash-preview,Santal,P037,"Rajshahi, Rangpur, northwestern plains",Trickster or Clever Figure,3080,529,313,46,11.5,0.5916824196597353,0.8917916666666666,0.43289224952741023,0.0,0.6824196597353497,0,0,0.0,0,1,26.465028355387524,0.0,0,1,0,1,0,1,0,0,0,1,0,0,0,0,0,0,0,0,0.42857142857142855,একদা শাল পলাশের ছায়াঘেরা এক,3.0,0.0,0,1.0,0.0,0,2.0,0.0,0,2.0,0.0,0,2.0
38,google_gemini-3-flash-preview,Santal,P038,"Rajshahi, Rangpur, northwestern plains",Sacred or Forbidden Space,3265,583,360,49,11.89795918367347,0.6174957118353345,0.8896629213483146,0.46826758147512865,0.0,0.6689536878216124,0,0,1.7152658662092624,0,1,5.145797598627787,0.0,0,0,3,2,0,0,0,2,2,3,3,0,0,0,0,0,0,0,0.42105263157894735,অনেক অনেক কাল আগের কথা,1.0,0.0,0,2.0,0.0,0,2.0,0.0,0,1.75,0.4330127018922193,1,1.6875
39,google_gemini-3-flash-preview,Santal,P039,"Rajshahi, Rangpur, northwestern plains",Everyday Life Narrative,3307,559,378,50,11.18,0.6762075134168157,0.9069803921568628,0.5277280858676208,0.0,0.7584973166368515,0,0,1.7889087656529516,0,1,0.0,0.0,0,0,2,1,0,0,0,1,1,2,2,0,0,0,0,0,0,0,0.2,আষাঢ়ের মেঘলা আকাশ শালবনের মাথার,2.75,1.299038105676658,3,2.75,1.299038105676658,3,2.0,0.0,0,0.75,0.4330127018922193,1,2.0625
40,google_gemini-3-flash-preview,Santal,P040,"Rajshahi, Rangpur, northwestern plains",Change and Continuity,3900,667,422,60,11.116666666666667,0.6326836581709145,0.9136893203883495,0.48575712143928035,0.0,0.6956521739130435,0,0,1.4992503748125936,0,1,7.496251874062969,0.0,0,0,2,2,0,0,0,1,1,2,2,0,0,0,0,0,0,0,0.5,বহু যুগ আগের কথা তখন,3.0,0.0,0,1.25,0.4330127018922193,1,2.0,0.0,0,2.0,0.0,0,2.0625
41,google_gemini-3-flash-preview,Garo (Mandi),P041,"Mymensingh, Sherpur",Origin Story,3321,570,360,50,11.4,0.631578947368421,0.8975815738963532,0.4649122807017544,0.0,0.6877192982456141,0,0,7.017543859649122,0,1,17.54385964912281,0.0,2,0,0,3,0,0,0,0,0,0,0,0,0,0,0,0,0,0,0.2777777777777778,নমস্কার আগাসি চিসিক অর্থাৎ উত্তর,3.75,0.4330127018922193,1,3.0,0.0,0,2.0,0.0,0,3.5,0.8660254037844386,2,3.0625
42,google_gemini-3-flash-preview,Garo (Mandi),P042,"Mymensingh, Sherpur",Human–Nature Relationship,3213,574,356,58,9.89655172413793,0.6202090592334495,0.912,0.45818815331010454,0.0,0.6655052264808362,0,0,1.7421602787456445,0,1,6.968641114982578,0.0,1,1,0,1,0,0,0,1,1,0,0,0,0,0,0,0,0,0,0.3333333333333333,আয় চিলুংরে আয় নকপান্তের ছেলেরা,2.75,0.4330127018922193,1,3.0,0.0,0,3.0,0.0,0,2.0,0.0,0,2.6875
43,google_gemini-3-flash-preview,Garo (Mandi),P043,"Mymensingh, Sherpur",Moral Transgression and Consequence,3462,591,381,56,10.553571428571429,0.6446700507614214,0.9101476014760148,0.4957698815566836,0.0,0.6920473773265652,0,0,3.3840947546531304,0,1,13.536379018612521,0.0,0,1,0,3,0,0,0,1,1,0,0,0,0,0,0,0,1,0,0.1875,আদিম পাহাড়ের ভাঁজে ভাঁজে যখন,0.75,0.4330127018922193,1,1.0,0.0,0,1.0,0.0,0,0.75,0.4330127018922193,1,0.875
44,google_gemini-3-flash-preview,Garo (Mandi),P044,"Mymensingh, Sherpur",Wisdom of an Elder,3832,651,425,63,10.333333333333334,0.65284178187404,0.9246843853820598,0.48540706605222733,0.0,0.6682027649769585,0,0,1.5360983102918586,0,1,18.433179723502302,0.0,2,1,0,1,0,0,0,0,0,0,0,0,0,0,0,0,0,0,0.3076923076923077,আসো বাছা আগুনের কুণ্ডের পাশে,1.0,0.0,0,1.0,0.0,0,1.0,0.0,0,0.75,0.4330127018922193,1,0.9375
45,google_gemini-3-flash-preview,Garo (Mandi),P045,"Mymensingh, Sherpur",Community Crisis,3219,544,351,50,10.88,0.6452205882352942,0.9119191919191919,0.49816176470588236,0.0018484288354898336,0.6893382352941176,0,0,3.676470588235294,0,1,31.25,0.0,0,1,1,2,0,0,0,0,0,1,1,0,0,0,0,0,0,0,0.2,অনেক কাল আগের কথা তখন,2.0,0.0,0,1.25,0.4330127018922193,1,2.0,0.0,0,1.25,0.4330127018922193,1,1.625
46,google_gemini-3-flash-preview,Garo (Mandi),P046,"Mymensingh, Sherpur",Rite of Passage,3173,554,346,48,11.541666666666666,0.6245487364620939,0.9007128712871287,0.4620938628158845,0.0,0.7148014440433214,0,0,3.6101083032490973,0,1,0.0,0.0,2,0,1,0,0,0,0,0,0,1,1,0,0,0,0,0,0,0,0.3125,নমস্কার আগমবি বন্ধু বসুন এই,1.5,0.5,1,2.0,0.0,0,2.0,0.0,0,1.25,0.4330127018922193,1,1.6875
47,google_gemini-3-flash-preview,Garo (Mandi),P047,"Mymensingh, Sherpur",Trickster or Clever Figure,3063,541,346,45,12.022222222222222,0.6395563770794824,0.9009349593495934,0.48613678373382624,0.0,0.7079482439926063,0,0,1.8484288354898337,0,1,3.6968576709796674,0.0,0,1,0,2,0,0,0,0,0,0,0,0,0,0,0,0,0,0,0.14285714285714285,একদা গারো পাহাড়ের পাদদেশে যেখানে,1.75,0.4330127018922193,1,2.0,0.0,0,2.0,0.0,0,0.75,0.4330127018922193,1,1.625
48,google_gemini-3-flash-preview,Garo (Mandi),P048,"Mymensingh, Sherpur",Sacred or Forbidden Space,3585,617,384,50,12.34,0.6223662884927067,0.9136971830985916,0.4651539708265802,0.0,0.6726094003241491,0,0,6.482982171799027,0,1,17.828200972447327,0.0,1,0,0,0,0,0,0,0,0,0,0,0,0,0,0,0,0,0,0.3157894736842105,আদিম পাহাড়ের ভাঁজে ভাঁজে যখন,3.0,0.0,0,2.0,0.0,0,2.0,0.0,0,1.25,0.4330127018922193,1,2.0625
49,google_gemini-3-flash-preview,Garo (Mandi),P049,"Mymensingh, Sherpur",Everyday Life Narrative,3291,571,364,53,10.773584905660377,0.637478108581436,0.9164367816091954,0.4798598949211909,0.0,0.6935201401050788,0,0,7.005253940455342,0,1,24.518388791593694,0.0,3,0,0,1,0,0,0,0,0,0,0,0,0,0,0,0,0,0,0.3333333333333333,আসো বাছারা আগুনের চারধারে ঘেঁষে,2.5,0.8660254037844386,2,1.0,0.0,0,2.0,0.0,0,2.25,0.4330127018922193,1,1.9375
50,google_gemini-3-flash-preview,Garo (Mandi),P050,"Mymensingh, Sherpur",Change and Continuity,3213,548,379,44,12.454545454545455,0.6916058394160584,0.91250501002004,0.541970802919708,0.0,0.7153284671532847,0,0,5.474452554744525,0,1,25.547445255474454,0.0,0,0,1,1,0,0,0,1,1,1,1,0,0,0,0,0,1,0,0.5,অনেক অনেক কাল আগের কথা,2.0,0.0,0,2.0,0.0,0,1.0,0.0,0,1.0,0.0,0,1.5
51,google_gemini-3-flash-preview,Khasi,P051,Sylhet (border areas),Origin Story,3356,572,354,44,13.0,0.6188811188811189,0.8786615678776291,0.46153846153846156,0.0,0.6643356643356644,0,0,3.4965034965034967,10,1,0.0,0.0,1,1,0,1,0,0,0,0,0,0,0,0,0,0,0,0,0,0,0.2777777777777778,খাসি পাহাড়ের চূড়ায় যখন কুয়াশার,2.0,0.0,0,2.0,0.0,0,1.0,0.0,0,1.75,0.4330127018922193,1,1.6875
52,google_gemini-3-flash-preview,Khasi,P052,Sylhet (border areas),Human–Nature Relationship,3831,688,390,66,10.424242424242424,0.5668604651162791,0.9036306729264475,0.4171511627906977,0.0,0.6453488372093024,0,0,1.4534883720930232,0,1,10.174418604651162,0.0,1,0,0,1,0,1,0,0,0,1,0,0,0,0,0,0,0,0,0.2777777777777778,নমস্কার আমি আজ আপনাদের শোনাব,1.0,0.0,0,2.0,0.0,0,1.0,0.0,0,1.0,0.0,0,1.25
53,google_gemini-3-flash-preview,Khasi,P053,Sylhet (border areas),Moral Transgression and Consequence,3155,557,346,43,12.953488372093023,0.6211849192100538,0.9090551181102362,0.4757630161579892,0.0,0.6463195691202872,0,0,1.7953321364452424,0,1,16.15798922800718,0.0,0,0,0,3,0,0,0,0,0,0,0,0,0,0,0,0,0,0,0.3125,খাসি পাহাড়ের কোল ঘেঁষে যেখানে,2.0,0.0,0,1.75,0.4330127018922193,1,2.0,0.0,0,1.25,0.4330127018922193,1,1.75
54,google_gemini-3-flash-preview,Khasi,P054,Sylhet (border areas),Wisdom of an Elder,3522,631,394,51,12.372549019607844,0.624405705229794,0.9109965635738833,0.4849445324881141,0.0,0.6465927099841522,0,0,3.1695721077654517,0,1,0.0,0.0,0,1,0,0,0,0,0,0,0,0,0,1,0,0,0,1,0,0,0.5384615384615384,পাহাড়ের কোল ঘেঁষে মেঘ জমেছে,2.0,0.0,0,2.0,0.0,0,1.0,0.0,0,0.75,0.4330127018922193,1,1.4375
55,google_gemini-3-flash-preview,Khasi,P055,Sylhet (border areas),Community Crisis,3708,615,397,53,11.60377358490566,0.6455284552845528,0.9214134275618374,0.4813008130081301,0.0,0.7203252032520325,0,0,1.6260162601626016,0,1,26.016260162601625,0.0,0,1,1,1,0,0,0,0,0,1,1,0,0,0,0,0,0,0,0.26666666666666666,খাসি পাহাড়ের পাদদেশে সবুজে ঘেরা,2.0,0.0,0,1.0,0.0,0,2.0,0.0,0,0.75,0.4330127018922193,1,1.4375
56,google_gemini-3-flash-preview,Khasi,P056,Sylhet (border areas),Rite of Passage,3182,549,354,40,13.725,0.644808743169399,0.90464,0.48451730418943534,0.0,0.6775956284153005,0,0,7.285974499089253,0,1,21.85792349726776,0.0,1,1,0,1,0,0,0,0,0,0,0,0,0,0,0,0,0,1,0.125,খাসি পাহাড়ের কোল ঘেঁষে যখন,2.0,0.0,0,1.0,0.0,0,2.0,0.0,0,1.0,0.0,0,1.5
57,google_gemini-3-flash-preview,Khasi,P057,Sylhet (border areas),Trickster or Clever Figure,3614,635,392,54,11.75925925925926,0.6173228346456693,0.9121501706484642,0.4582677165354331,0.0015822784810126582,0.6881889763779527,0,0,1.5748031496062993,2,1,7.874015748031496,0.0,1,1,0,1,0,1,0,0,0,1,0,0,0,0,0,0,0,0,0.2857142857142857,খাসি পাহাড়ের কোলঘেঁষা নিবিড় অরণ্য,2.0,0.0,0,2.0,0.0,0,2.0,0.0,0,2.0,0.0,0,2.0
58,google_gemini-3-flash-preview,Khasi,P058,Sylhet (border areas),Sacred or Forbidden Space,3875,680,408,58,11.724137931034482,0.6,0.9004754358161648,0.4426470588235294,0.0,0.6588235294117647,0,0,1.4705882352941178,0,1,11.764705882352942,0.0,0,1,0,1,0,0,0,0,0,0,0,0,0,0,0,0,0,1,0.42105263157894735,খাসি পাহাড়ের ভাঁজে ভাঁজে যখন,2.25,0.4330127018922193,1,1.0,0.0,0,2.0,0.0,0,0.75,0.4330127018922193,1,1.5
59,google_gemini-3-flash-preview,Khasi,P059,Sylhet (border areas),Everyday Life Narrative,3337,597,371,50,11.94,0.6214405360134003,0.911934306569343,0.46901172529313234,0.0,0.6984924623115578,0,0,3.3500837520938025,0,1,18.42546063651591,0.0,1,0,0,0,0,0,0,0,0,0,0,0,0,0,0,0,0,1,0.3333333333333333,পাহাড়ের বুক চিরে যখন কুয়াশার,2.0,0.0,0,2.0,0.0,0,2.0,0.0,0,1.0,0.0,0,1.75
60,google_gemini-3-flash-preview,Khasi,P060,Sylhet (border areas),Change and Continuity,3654,639,383,57,11.210526315789474,0.5993740219092332,0.908,0.4272300469483568,0.0015723270440251573,0.6697965571205008,0,0,0.0,0,1,20.344287949921753,0.0,1,0,0,2,0,0,0,0,0,0,0,0,0,0,1,1,0,0,0.5,খাসি পাহাড়ের কোল ঘেঁষে যেখানে,2.75,0.4330127018922193,1,2.0,0.0,0,2.25,0.4330127018922193,1,1.0,0.0,0,2.0
61,google_gemini-3-flash-preview,Manipuri (Meitei),P061,Sylhet (border areas),Origin Story,3661,640,381,50,12.8,0.5953125,0.8824027072758037,0.45,0.0,0.6546875,0,0,6.25,0,1,14.0625,0.0,2,0,2,3,0,0,0,0,2,0,0,1,0,0,0,1,0,0,0.3333333333333333,নমস্কার আগুনের পাশে বসুন সবাই,2.0,0.0,0,2.0,0.0,0,2.0,0.0,0,1.0,0.0,0,1.75
62,google_gemini-3-flash-preview,Manipuri (Meitei),P062,Sylhet (border areas),Human–Nature Relationship,3578,629,378,61,10.311475409836065,0.6009538950715422,0.9005517241379312,0.4435612082670906,0.0,0.6820349761526232,0,0,6.359300476947536,2,1,7.94912559618442,1.589825119236884,0,0,0,1,0,0,0,0,0,0,0,0,0,0,0,0,0,0,0.3888888888888889,নমস্কার আমি লোকগাথা বলি আজ,2.25,0.4330127018922193,1,1.25,0.4330127018922193,1,2.0,0.0,0,2.0,0.0,0,1.875
63,google_gemini-3-flash-preview,Manipuri (Meitei),P063,Sylhet (border areas),Moral Transgression and Consequence,3422,594,376,51,11.647058823529411,0.632996632996633,0.9005504587155964,0.48484848484848486,0.0,0.664983164983165,0,0,3.367003367003367,0,1,18.51851851851852,0.0,1,0,2,1,0,0,0,0,2,0,0,0,0,0,0,0,0,0,0.25,নমস্কার আমি লোকগাথার ঝুলি খুলে,1.0,0.0,0,2.0,0.0,0,2.0,0.0,0,0.75,0.4330127018922193,1,1.4375
64,google_gemini-3-flash-preview,Manipuri (Meitei),P064,Sylhet (border areas),Wisdom of an Elder,3464,605,391,51,11.862745098039216,0.6462809917355372,0.9198201438848921,0.48925619834710743,0.0,0.6429752066115703,0,0,4.958677685950414,0,1,0.0,0.0,1,0,3,1,0,0,0,0,3,0,0,1,0,0,0,1,0,0,0.23076923076923078,মণিপুরি পাড়ায় যখন সন্ধ্যা নামে,1.75,0.4330127018922193,1,1.75,0.4330127018922193,1,1.0,0.0,0,0.75,0.4330127018922193,1,1.3125
65,google_gemini-3-flash-preview,Manipuri (Meitei),P065,Sylhet (border areas),Community Crisis,3440,580,394,53,10.943396226415095,0.6793103448275862,0.9424482109227872,0.5448275862068965,0.0,0.7086206896551724,0,0,3.4482758620689653,0,1,0.0,0.0,0,0,5,1,0,0,0,0,5,0,0,0,0,0,0,0,0,0,0.26666666666666666,নমস্কার ঝিঁঝিঁ পোকার ডাক আর,1.25,0.4330127018922193,1,3.0,0.0,0,2.0,0.0,0,1.0,0.0,0,1.8125
66,google_gemini-3-flash-preview,Manipuri (Meitei),P066,Sylhet (border areas),Rite of Passage,3515,597,381,54,11.055555555555555,0.6381909547738693,0.8995985401459854,0.48576214405360135,0.0016835016835016834,0.7085427135678392,0,0,3.3500837520938025,0,1,18.42546063651591,0.0,2,0,2,0,0,0,0,0,2,0,0,0,0,0,0,0,0,1,0.3125,নমস্কার আজ আমি আপনাদের নিয়ে,2.0,0.0,0,1.0,0.0,0,2.0,0.0,0,1.0,0.0,0,1.5
67,google_gemini-3-flash-preview,Manipuri (Meitei),P067,Sylhet (border areas),Trickster or Clever Figure,3038,548,352,57,9.614035087719298,0.6423357664233577,0.9047294589178356,0.4908759124087591,0.0,0.6386861313868614,0,0,1.8248175182481752,2,1,0.0,0.0,1,0,0,0,0,1,0,0,0,1,0,0,0,0,0,0,0,0,0.2857142857142857,নমস্কার আজ আপনাদের শোনাব আমাদের,2.75,0.4330127018922193,1,1.0,0.0,0,2.0,0.0,0,1.0,0.0,0,1.6875
68,google_gemini-3-flash-preview,Manipuri (Meitei),P068,Sylhet (border areas),Sacred or Forbidden Space,3284,561,364,54,10.38888888888889,0.6488413547237076,0.918046875,0.49019607843137253,0.0,0.7165775401069518,0,0,0.0,0,1,16.0427807486631,0.0,1,0,1,3,0,0,0,1,2,0,0,0,0,0,0,0,0,1,0.42105263157894735,নমস্কার আগরবাতির সুবাস আর খোল,3.0,0.0,0,2.0,0.0,0,2.0,0.0,0,2.0,0.0,0,2.25
69,google_gemini-3-flash-preview,Manipuri (Meitei),P069,Sylhet (border areas),Everyday Life Narrative,3389,581,396,61,9.524590163934427,0.6815834767641996,0.9147368421052632,0.5421686746987951,0.0,0.7142857142857143,0,0,3.442340791738382,0,1,17.21170395869191,0.0,2,0,1,1,0,0,0,0,1,0,0,0,0,0,0,0,0,0,0.26666666666666666,নমস্কার বসুন এই পিঁড়িটায় বসুন,2.0,0.0,0,2.0,0.0,0,1.0,0.0,0,1.25,0.4330127018922193,1,1.5625
70,google_gemini-3-flash-preview,Manipuri (Meitei),P070,Sylhet (border areas),Change and Continuity,3293,549,373,49,11.204081632653061,0.6794171220400729,0.92688,0.5209471766848816,0.0,0.6867030965391621,0,0,5.46448087431694,0,1,27.3224043715847,0.0,4,0,2,2,0,0,0,0,2,0,0,0,0,0,0,0,1,0,0.4,নমস্কার বসুন সবাই আজ আপনাদের,3.0,0.0,0,2.0,0.0,0,2.0,0.0,0,0.75,0.4330127018922193,1,1.9375
71,google_gemini-3-flash-preview,Mro,P071,Bandarban,Origin Story,3519,607,344,48,12.645833333333334,0.5667215815485996,0.8742652329749103,0.39209225700164746,0.0016556291390728477,0.6293245469522241,0,0,0.0,0,1,4.942339373970346,0.0,0,0,0,1,0,0,0,0,0,0,0,0,0,0,0,0,0,0,0.2777777777777778,বহু কাল আগের কথা যখন,3.0,0.0,0,2.0,0.0,0,2.0,0.0,0,1.0,0.0,0,2.0
72,google_gemini-3-flash-preview,Mro,P072,Bandarban,Human–Nature Relationship,3304,578,337,56,10.321428571428571,0.583044982698962,0.8900945179584121,0.43079584775086505,0.0,0.6557093425605537,0,0,6.920415224913495,0,1,13.84083044982699,0.0,0,0,1,1,0,0,0,0,0,1,1,0,0,0,0,0,0,0,0.2777777777777778,চিম্বুক পাহাড়ের চূড়ায় যখন কুয়াশার,2.0,0.0,0,2.0,0.0,0,2.0,0.0,0,1.5,0.8660254037844386,2,1.875
73,google_gemini-3-flash-preview,Mro,P073,Bandarban,Moral Transgression and Consequence,3369,569,348,45,12.644444444444444,0.6115992970123023,0.9171538461538462,0.44991212653778556,0.0,0.6924428822495606,0,0,1.757469244288225,0,1,0.0,0.0,0,1,0,1,0,0,0,0,0,0,0,0,0,0,0,0,0,0,0.25,পাহাড়ের গহীন অরণ্যে যেখানে মেঘেরা,1.75,0.4330127018922193,1,1.25,0.4330127018922193,1,2.0,0.0,0,1.25,0.4330127018922193,1,1.5625
74,google_gemini-3-flash-preview,Mro,P074,Bandarban,Wisdom of an Elder,3631,625,378,53,11.79245283018868,0.6048,0.9013541666666666,0.4432,0.0,0.6704,0,0,0.0,0,1,1.6,0.0,0,0,0,1,0,0,0,0,0,0,0,0,0,0,0,0,0,0,0.23076923076923078,পাহাড়ের চূড়ায় যখন সূর্যটা লাল,3.0,0.0,0,2.0,0.0,0,1.0,0.0,0,1.25,0.4330127018922193,1,1.8125
75,google_gemini-3-flash-preview,Mro,P075,Bandarban,Community Crisis,3507,598,389,48,12.458333333333334,0.6505016722408027,0.9151548269581057,0.5033444816053512,0.0,0.7207357859531772,0,0,5.016722408026756,0,1,18.39464882943144,0.0,0,0,0,1,0,0,0,0,0,0,0,0,0,0,0,0,0,0,0.26666666666666666,চিম্বুক পাহাড়ের চূড়ায় যখন সাদা,3.0,0.0,0,2.0,0.0,0,2.0,0.0,0,1.25,0.4330127018922193,1,2.0625
76,google_gemini-3-flash-preview,Mro,P076,Bandarban,Rite of Passage,3491,592,383,48,12.333333333333334,0.6469594594594594,0.9197053406998158,0.5033783783783784,0.0,0.7364864864864865,0,0,1.6891891891891893,0,1,15.202702702702704,0.0,1,0,0,0,0,0,0,0,0,0,0,0,0,0,0,0,0,0,0.125,পাহাড়ের চূড়ায় যখন কুয়াশার চাদর,2.0,0.0,0,2.0,0.0,0,2.0,0.0,0,1.0,0.0,0,1.75
77,google_gemini-3-flash-preview,Mro,P077,Bandarban,Trickster or Clever Figure,3495,613,368,61,10.049180327868852,0.600326264274062,0.9047163120567375,0.44045676998368677,0.0,0.6721044045676998,0,0,1.6313213703099512,0,1,17.94453507340946,0.0,1,0,0,1,0,1,0,0,1,0,0,0,0,0,0,0,1,0,0.2857142857142857,পাহাড়ের ভাঁজে ভাঁজে যখন কুয়াশা,2.0,0.0,0,2.0,0.0,0,1.0,0.0,0,2.0,0.0,0,1.75
78,google_gemini-3-flash-preview,Mro,P078,Bandarban,Sacred or Forbidden Space,3573,616,370,51,12.07843137254902,0.6006493506493507,0.9091358024691358,0.4318181818181818,0.0016313213703099511,0.6688311688311688,0,0,0.0,0,1,16.233766233766232,0.0,1,0,0,2,0,0,0,2,2,0,0,0,0,0,0,0,0,0,0.47368421052631576,চিম্বুক পাহাড়ের বুক চিরে যখন,1.25,0.4330127018922193,1,2.0,0.0,0,1.25,0.4330127018922193,1,2.0,0.0,0,1.625
79,google_gemini-3-flash-preview,Mro,P079,Bandarban,Everyday Life Narrative,3237,551,371,49,11.244897959183673,0.6733212341197822,0.9128286852589642,0.515426497277677,0.0,0.7876588021778584,0,0,1.8148820326678765,0,1,18.148820326678766,0.0,0,0,0,1,0,0,0,0,0,0,0,1,0,0,0,1,0,1,0.13333333333333333,পাহাড়ের বাঁকে যখন কুয়াশার চাদর,2.0,0.0,0,1.0,0.0,0,2.25,0.4330127018922193,1,1.0,0.0,0,1.5625
80,google_gemini-3-flash-preview,Mro,P080,Bandarban,Change and Continuity,3569,604,372,50,12.08,0.6158940397350994,0.912,0.45364238410596025,0.0,0.6721854304635762,0,0,4.966887417218543,0,1,8.278145695364238,0.0,0,0,1,2,0,0,0,0,0,1,1,0,0,0,0,0,0,0,0.6,চিম্বুক পাহাড়ের চূড়ায় যখন সাদা,2.0,0.0,0,1.0,0.0,0,1.75,0.4330127018922193,1,2.25,0.4330127018922193,1,1.75
81,google_gemini-3-flash-preview,Tripura,P081,Chittagong Hill Tracts,Origin Story,3371,569,357,51,11.156862745098039,0.6274165202108963,0.9138076923076923,0.46397188049209137,0.0,0.6994727592267135,0,0,5.272407732864675,0,1,22.847100175746924,0.0,0,0,0,1,0,0,0,0,0,0,0,0,0,0,0,0,0,0,0.2222222222222222,অনেক অনেক কাল আগের কথা,2.25,0.4330127018922193,1,1.0,0.0,0,2.0,0.0,0,1.25,0.4330127018922193,1,1.625
82,google_gemini-3-flash-preview,Tripura,P082,Chittagong Hill Tracts,Human–Nature Relationship,3370,578,367,51,11.333333333333334,0.6349480968858131,0.9072589792060491,0.47058823529411764,0.0,0.6868512110726643,0,0,3.4602076124567476,0,1,8.650519031141869,0.0,0,0,0,1,0,0,0,2,2,0,0,0,0,0,0,0,0,0,0.3888888888888889,পাহাড়ের কোল ঘেঁষে বয়ে চলা,2.25,0.4330127018922193,1,1.0,0.0,0,3.0,0.0,0,0.75,0.4330127018922193,1,1.75
83,google_gemini-3-flash-preview,Tripura,P083,Chittagong Hill Tracts,Moral Transgression and Consequence,3308,563,366,47,11.97872340425532,0.650088809946714,0.9110116731517509,0.4920071047957371,0.0,0.7033747779751333,0,0,7.104795737122558,0,1,0.0,0.0,0,0,2,2,0,0,0,0,2,0,0,0,0,0,0,0,0,0,0.375,পাহাড়ের কোল ঘেঁষে বয়ে চলা,1.5,0.8660254037844386,2,1.0,0.0,0,1.25,0.4330127018922193,1,1.0,0.0,0,1.1875
84,google_gemini-3-flash-preview,Tripura,P084,Chittagong Hill Tracts,Wisdom of an Elder,3624,625,387,53,11.79245283018868,0.6192,0.9273611111111111,0.4496,0.0,0.7056,0,0,6.4,0,1,20.8,0.0,0,0,1,2,0,0,0,1,2,0,0,0,0,0,0,0,0,0,0.15384615384615385,পাহাড়ের গহীন ভাঁজে যেখানে মেঘেরা,3.0,0.0,0,1.0,0.0,0,2.25,0.4330127018922193,1,1.0,0.0,0,1.8125
85,google_gemini-3-flash-preview,Tripura,P085,Chittagong Hill Tracts,Community Crisis,3801,648,423,54,12.0,0.6527777777777778,0.9210016694490817,0.49537037037037035,0.0,0.7098765432098766,0,0,3.0864197530864197,0,1,13.88888888888889,0.0,1,0,2,1,0,0,0,0,2,0,0,0,0,0,0,0,0,0,0.4666666666666667,নমস্কার পাহাড়ের কোল ঘেঁষে যেখানে,2.0,0.0,0,2.0,0.0,0,1.0,0.0,0,0.75,0.4330127018922193,1,1.4375
86,google_gemini-3-flash-preview,Tripura,P086,Chittagong Hill Tracts,Rite of Passage,3341,569,385,48,11.854166666666666,0.6766256590509666,0.9217692307692308,0.5342706502636204,0.0,0.7293497363796133,0,0,5.272407732864675,0,1,0.0,0.0,0,0,2,2,0,0,0,1,3,0,0,0,0,0,0,0,0,2,0.3125,পাহাড়ের কোল ঘেঁষে বয়ে চলা,2.25,0.4330127018922193,1,1.0,0.0,0,2.0,0.0,0,1.25,0.4330127018922193,1,1.625
87,google_gemini-3-flash-preview,Tripura,P087,Chittagong Hill Tracts,Trickster or Clever Figure,3319,583,358,53,11.0,0.614065180102916,0.894007490636704,0.44939965694682676,0.0,0.6775300171526587,0,0,1.7152658662092624,0,1,18.867924528301888,0.0,2,1,0,2,0,1,0,0,0,1,0,0,0,0,0,0,0,0,0.14285714285714285,নমস্কার পাহাড়ের ভাঁজে ভাঁজে যখন,2.75,0.4330127018922193,1,2.0,0.0,0,2.0,0.0,0,2.0,0.7071067811865476,2,2.1875
88,google_gemini-3-flash-preview,Tripura,P088,Chittagong Hill Tracts,Sacred or Forbidden Space,3430,595,376,55,10.818181818181818,0.6319327731092437,0.9175457875457875,0.4907563025210084,0.0,0.7109243697478992,0,0,1.680672268907563,0,1,16.80672268907563,0.0,0,0,1,1,0,0,0,0,1,0,0,0,0,0,0,0,0,1,0.47368421052631576,পাহাড়ের বাঁকে বাঁকে যখন কুয়াশার,2.0,0.0,0,1.0,0.0,0,3.5,0.8660254037844386,2,1.0,0.0,0,1.875
89,google_gemini-3-flash-preview,Tripura,P089,Chittagong Hill Tracts,Everyday Life Narrative,3068,511,343,48,10.645833333333334,0.6712328767123288,0.9299134199134199,0.5166340508806262,0.0,0.7553816046966731,0,0,5.870841487279844,0,1,17.61252446183953,0.0,1,0,1,1,0,0,0,0,1,0,0,0,0,0,0,0,0,0,0.3333333333333333,পাহাড়ের বাঁকে যখন কুয়াশার চাদর,2.0,0.0,0,3.0,0.0,0,2.0,0.0,0,1.25,0.4330127018922193,1,2.0625
90,google_gemini-3-flash-preview,Tripura,P090,Chittagong Hill Tracts,Change and Continuity,3345,547,367,45,12.155555555555555,0.6709323583180987,0.9392771084337349,0.5027422303473492,0.0,0.7367458866544789,0,0,3.656307129798903,0,1,14.625228519195613,0.0,0,0,1,2,0,0,0,0,1,0,0,0,0,0,0,0,0,0,0.5,পাহাড়ের ভাঁজে ভাঁজে যখন কুয়াশা,2.0,0.0,0,1.0,0.0,0,1.0,0.0,0,1.0,0.0,0,1.25
91,google_gemini-3-flash-preview,Oraon (Kurukh),P091,North Bengal,Origin Story,3473,604,359,51,11.843137254901961,0.5943708609271523,0.8944504504504505,0.4288079470198676,0.0,0.6655629139072847,0,0,4.966887417218543,0,1,0.0,0.0,0,0,1,1,0,0,0,1,1,1,1,0,0,0,0,0,0,0,0.4444444444444444,অনেক অনেক যুগ আগের কথা,3.0,0.0,0,3.0,0.0,0,2.0,0.0,0,1.25,0.4330127018922193,1,2.3125
92,google_gemini-3-flash-preview,Oraon (Kurukh),P092,North Bengal,Human–Nature Relationship,3261,593,354,64,9.265625,0.596964586846543,0.8820955882352941,0.42833052276559863,0.0,0.6694772344013491,0,0,8.431703204047217,0,1,0.0,0.0,1,0,0,2,0,0,0,0,0,0,0,0,0,0,0,0,0,1,0.2777777777777778,আয় রে নাতি পুতিরা আগুনের,2.0,0.0,0,2.0,0.0,0,1.0,0.0,0,1.0,0.0,0,1.5
93,google_gemini-3-flash-preview,Oraon (Kurukh),P093,North Bengal,Moral Transgression and Consequence,3865,668,393,55,12.145454545454545,0.5883233532934131,0.9060743134087238,0.41467065868263475,0.0,0.6706586826347305,0,0,5.9880239520958085,0,1,14.970059880239521,0.0,0,1,1,3,0,0,0,1,1,1,1,0,0,0,0,0,0,0,0.25,একদা বরেন্দ্রভূমির লাল মাটির কোলে,2.0,0.0,0,2.0,0.0,0,1.0,0.0,0,2.0,0.0,0,1.75
94,google_gemini-3-flash-preview,Oraon (Kurukh),P094,North Bengal,Wisdom of an Elder,3564,647,387,65,9.953846153846154,0.598145285935085,0.8792642140468226,0.43431221020092736,0.0,0.624420401854714,0,0,6.182380216383308,0,1,21.638330757341578,0.0,1,0,1,1,0,0,0,2,2,1,1,0,0,0,0,0,0,0,0.23076923076923078,আসো বাছা এই তেঁতুল গাছটার,3.0,0.0,0,2.0,0.0,0,2.0,0.0,0,2.0,0.0,0,2.25
95,google_gemini-3-flash-preview,Oraon (Kurukh),P095,North Bengal,Community Crisis,3631,638,406,63,10.126984126984127,0.6363636363636364,0.8972156196943973,0.47648902821316613,0.0,0.6833855799373041,0,0,3.134796238244514,0,1,10.9717868338558,0.0,1,1,1,1,0,0,0,0,0,1,1,0,0,0,0,0,0,0,0.26666666666666666,শুনুন তবে ওরে ও ভাই,2.25,0.4330127018922193,1,2.0,0.0,0,2.0,0.0,0,2.0,0.0,0,2.0625
96,google_gemini-3-flash-preview,Oraon (Kurukh),P096,North Bengal,Rite of Passage,3120,520,345,41,12.682926829268293,0.6634615384615384,0.9130785562632696,0.5288461538461539,0.0,0.7,0,0,5.769230769230769,0,1,13.461538461538462,0.0,0,0,3,1,0,0,0,0,0,3,3,0,0,0,0,0,0,0,0.125,বরেন্দ্রভূমির রাঙামাটির পথ ধরে যখন,1.75,0.4330127018922193,1,1.0,0.0,0,2.0,0.0,0,1.0,0.0,0,1.4375
97,google_gemini-3-flash-preview,Oraon (Kurukh),P097,North Bengal,Trickster or Clever Figure,3940,729,407,74,9.85135135135135,0.5582990397805213,0.8872941176470588,0.401920438957476,0.0,0.6941015089163237,0,0,1.3717421124828533,0,1,4.11522633744856,0.0,0,1,0,1,0,1,0,0,0,1,0,0,0,0,0,0,0,0,0.2857142857142857,একদা বরেন্দ্রভূমির লাল মাটির বুকে,2.0,0.0,0,2.0,0.0,0,1.0,0.0,0,1.0,0.0,0,1.5
98,google_gemini-3-flash-preview,Oraon (Kurukh),P098,North Bengal,Sacred or Forbidden Space,3318,571,356,50,11.42,0.6234676007005254,0.9213026819923372,0.4500875656742557,0.0017605633802816902,0.6970227670753065,0,0,5.253940455341506,0,1,19.26444833625219,0.0,1,0,3,2,0,0,0,1,1,3,3,0,0,0,0,0,0,1,0.42105263157894735,নমস্কার আগুনের পাশে আসন গ্রহণ,3.0,0.0,0,2.0,0.0,0,1.0,0.0,0,2.0,0.0,0,2.0
99,google_gemini-3-flash-preview,Oraon (Kurukh),P099,North Bengal,Everyday Life Narrative,3340,594,385,50,11.88,0.6481481481481481,0.8958899082568808,0.4882154882154882,0.0,0.7710437710437711,0,0,8.417508417508417,0,1,8.417508417508417,0.0,0,0,2,3,0,0,0,0,0,2,2,0,0,0,0,0,0,1,0.2,মাঠের আল দিয়ে হাঁটতে হাঁটতে,1.75,0.4330127018922193,1,1.0,0.0,0,1.0,0.0,0,1.25,0.4330127018922193,1,1.25
100,google_gemini-3-flash-preview,Oraon (Kurukh),P100,North Bengal,Change and Continuity,3449,613,387,58,10.568965517241379,0.6313213703099511,0.9240425531914893,0.4698205546492659,0.0,0.6982055464926591,0,0,4.893964110929853,0,1,16.31321370309951,0.0,0,0,1,1,0,0,0,0,0,1,1,0,0,0,0,0,0,0,0.4,অনেক অনেক কাল আগের কথা,3.0,0.0,0,2.0,0.0,0,1.0,0.0,0,2.0,0.0,0,2.0
101,google_gemini-3-flash-preview,Hajong,P101,Mymensingh,Origin Story,3316,572,349,52,11.0,0.6101398601398601,0.8874952198852772,0.45104895104895104,0.0,0.6730769230769231,0,0,3.4965034965034967,0,1,0.0,0.0,2,0,1,0,0,0,0,0,1,0,0,0,0,0,0,0,0,0,0.4444444444444444,নমস্কার পাহাড়ের কোল ঘেঁষে যেখানে,3.25,0.4330127018922193,1,2.0,0.0,0,1.0,0.0,0,2.0,0.0,0,2.0625
102,google_gemini-3-flash-preview,Hajong,P102,Mymensingh,Human–Nature Relationship,3443,596,360,54,11.037037037037036,0.6040268456375839,0.9159780621572212,0.4546979865771812,0.0,0.7114093959731543,0,0,8.389261744966444,0,1,20.13422818791946,0.0,1,0,2,3,0,0,0,0,2,0,0,0,0,0,0,0,0,0,0.3333333333333333,সুদূর গারো পাহাড়ের পাদদেশে যেখানে,2.75,0.4330127018922193,1,2.0,0.0,0,1.0,0.0,0,1.0,0.0,0,1.6875
103,google_gemini-3-flash-preview,Hajong,P103,Mymensingh,Moral Transgression and Consequence,3650,628,393,57,11.017543859649123,0.6257961783439491,0.9127806563039723,0.45063694267515925,0.0,0.7085987261146497,0,0,3.1847133757961785,0,1,7.961783439490445,0.0,0,0,1,3,0,0,0,0,1,0,0,0,0,0,0,0,0,0,0.25,সুসং পরগনার পাহাড়ঘেঁষা জনপদ যেখানে,3.0,0.0,0,2.0,0.7071067811865476,2,1.75,0.4330127018922193,1,1.5,0.8660254037844386,2,2.0625
104,google_gemini-3-flash-preview,Hajong,P104,Mymensingh,Wisdom of an Elder,3819,661,417,67,9.865671641791044,0.6308623298033282,0.9259803921568628,0.47049924357034795,0.0,0.6822995461422088,0,0,6.05143721633888,0,1,6.05143721633888,0.0,0,0,1,2,0,0,0,0,1,0,0,0,0,0,0,0,0,0,0.23076923076923078,সোমেশ্বরী নদীর চরে তখন বিকেলের,2.0,0.0,0,2.0,0.0,0,2.0,0.0,0,1.75,1.299038105676658,3,1.9375
105,google_gemini-3-flash-preview,Hajong,P105,Mymensingh,Community Crisis,3483,596,405,53,11.245283018867925,0.6795302013422819,0.9230712979890311,0.5285234899328859,0.0,0.7197986577181208,0,0,1.6778523489932886,0,1,11.74496644295302,0.0,0,1,2,2,0,0,0,0,2,0,0,0,0,0,0,0,0,0,0.2,সুদূর গারো পাহাড়ের পাদদেশে সোমেশ্বরী,2.75,0.4330127018922193,1,1.0,0.0,0,2.0,0.0,0,1.0,0.0,0,1.6875
106,google_gemini-3-flash-preview,Hajong,P106,Mymensingh,Rite of Passage,3275,545,370,46,11.847826086956522,0.6788990825688074,0.9216532258064516,0.5284403669724771,0.0,0.728440366972477,0,0,5.504587155963303,0,1,25.68807339449541,0.0,1,0,4,2,0,0,0,0,4,0,0,0,0,0,0,0,0,1,0.25,সোমেশ্বরী নদীর চরে তখন কাশফুলের,2.25,0.4330127018922193,1,1.0,0.0,0,1.75,0.4330127018922193,1,2.25,0.4330127018922193,1,1.8125
107,google_gemini-3-flash-preview,Hajong,P107,Mymensingh,Trickster or Clever Figure,3216,580,375,55,10.545454545454545,0.646551724137931,0.9049340866290019,0.49310344827586206,0.0,0.7120689655172414,0,0,3.4482758620689653,0,1,13.793103448275861,0.0,1,1,0,1,0,1,0,0,0,1,0,0,0,0,0,0,0,0,0.07142857142857142,নমস্কার পাহাড়ের কোল ঘেঁষে বয়ে,3.25,0.4330127018922193,1,1.0,0.0,0,1.0,0.0,0,1.25,0.4330127018922193,1,1.625
108,google_gemini-3-flash-preview,Hajong,P108,Mymensingh,Sacred or Forbidden Space,3349,595,370,51,11.666666666666666,0.6218487394957983,0.9015018315018315,0.4638655462184874,0.0,0.6789915966386555,0,0,5.042016806722689,0,1,11.764705882352942,0.0,3,0,0,2,0,0,0,0,0,0,0,0,0,0,0,0,0,0,0.3684210526315789,নমস্কার আমি আজ আপনাদের শোনাব,3.0,0.0,0,2.0,0.0,0,2.25,0.4330127018922193,1,0.75,0.4330127018922193,1,2.0
109,google_gemini-3-flash-preview,Hajong,P109,Mymensingh,Everyday Life Narrative,3626,625,432,55,11.363636363636363,0.6912,0.9315972222222223,0.5408,0.0,0.7568,0,0,3.2,0,1,19.2,0.0,1,0,3,1,0,0,0,0,3,0,0,0,0,0,0,0,0,0,0.4,নমস্কার পাহাড়ের কোল ঘেঁষে যেখানে,3.0,0.0,0,2.75,0.4330127018922193,1,2.25,0.4330127018922193,1,1.25,0.4330127018922193,1,2.3125
110,google_gemini-3-flash-preview,Hajong,P110,Mymensingh,Change and Continuity,3440,594,367,49,12.122448979591837,0.6178451178451179,0.9132477064220182,0.4478114478114478,0.0,0.6565656565656566,0,0,5.05050505050505,0,1,26.936026936026938,0.0,0,0,1,1,0,0,0,0,1,0,0,0,0,0,0,0,0,0,0.4,বহু কাল আগের কথা সোমেশ্বরী,3.0,0.0,0,2.0,0.0,0,2.0,0.0,0,1.0,0.0,0,2.0
111,google_gemini-3-flash-preview,Rakhine,P111,"Cox's Bazar, coastal areas",Origin Story,3403,577,394,51,11.313725490196079,0.682842287694974,0.8996969696969698,0.5459272097053726,0.0,0.7001733102253033,0,0,5.1993067590987865,0,1,0.0,0.0,3,0,1,0,0,2,0,0,2,1,1,1,0,0,0,1,0,0,0.3333333333333333,নমস্কার আগুনের শিখার চারধারে গোল,2.0,0.0,0,2.0,0.0,0,1.0,0.0,0,1.0,0.0,0,1.5
112,google_gemini-3-flash-preview,Rakhine,P112,"Cox's Bazar, coastal areas",Human–Nature Relationship,3495,612,382,50,12.24,0.6241830065359477,0.9065364120781527,0.46568627450980393,0.0,0.7107843137254902,0,0,4.901960784313726,0,1,9.803921568627452,0.0,2,0,0,2,0,1,0,0,1,0,0,0,0,0,0,0,0,1,0.2777777777777778,নমস্কার আগুনের কুণ্ডলীকে ঘিরে বসুন,2.0,0.7071067811865476,2,2.0,0.0,0,2.0,0.0,0,1.0,0.0,0,1.75
113,google_gemini-3-flash-preview,Rakhine,P113,"Cox's Bazar, coastal areas",Moral Transgression and Consequence,3203,571,346,47,12.148936170212766,0.6059544658493871,0.9042911877394636,0.4553415061295972,0.0,0.6777583187390543,0,0,1.7513134851138354,0,1,15.761821366024519,0.0,0,0,1,1,0,2,0,0,2,1,1,0,0,0,0,0,0,0,0.1875,পাহাড়ের কোল ঘেঁষে যেখানে মাতামুহুরী,1.75,0.4330127018922193,1,1.5,0.5,1,2.0,0.0,0,1.75,1.299038105676658,3,1.75
114,google_gemini-3-flash-preview,Rakhine,P114,"Cox's Bazar, coastal areas",Wisdom of an Elder,3329,591,361,52,11.365384615384615,0.61082910321489,0.8983394833948339,0.4602368866328257,0.0017006802721088435,0.6802030456852792,0,0,1.6920473773265652,0,1,0.0,0.0,0,0,0,1,0,3,0,0,3,0,0,0,0,0,0,0,0,1,0.23076923076923078,পটুয়াখালীর সমুদ্রতীরবর্তী কুয়াকাটার সেই প্রাচীন,2.0,0.0,0,2.0,0.0,0,2.0,0.0,0,1.0,0.0,0,1.75
115,google_gemini-3-flash-preview,Rakhine,P115,"Cox's Bazar, coastal areas",Community Crisis,3197,547,369,61,8.967213114754099,0.6745886654478976,0.9338152610441768,0.5082266910420475,0.0,0.7239488117001828,0,0,7.312614259597806,0,1,12.79707495429616,0.0,2,0,1,2,0,0,0,0,0,1,1,0,0,0,0,0,0,0,0.3333333333333333,নমস্কার আমি এক পুরনো উপাখ্যানের,2.5,0.5,1,1.0,0.0,0,2.75,0.4330127018922193,1,1.25,0.4330127018922193,1,1.875
116,google_gemini-3-flash-preview,Rakhine,P116,"Cox's Bazar, coastal areas",Rite of Passage,3515,608,385,56,10.857142857142858,0.6332236842105263,0.9016457960644007,0.48026315789473684,0.0,0.7220394736842105,0,0,6.578947368421052,0,1,6.578947368421052,0.0,0,0,1,1,0,4,0,0,4,1,1,0,0,0,0,0,0,1,0.25,নদীর নাম সাঙ্গু সেই নদীর,2.0,0.0,0,1.0,0.0,0,2.0,0.0,0,1.0,0.0,0,1.5
117,google_gemini-3-flash-preview,Rakhine,P117,"Cox's Bazar, coastal areas",Trickster or Clever Figure,3538,641,379,56,11.446428571428571,0.5912636505460218,0.8885472972972973,0.4290171606864275,0.0,0.6833073322932918,0,0,1.5600624024960998,0,1,0.0,0.0,1,0,0,0,0,1,0,0,1,0,0,0,0,0,0,0,0,0,0.14285714285714285,সাগরসংলগ্ন পটুয়াখালীর কুয়াকাটা কিংবা কক্সবাজারের,1.25,0.4330127018922193,1,1.25,0.4330127018922193,1,1.5,0.5,1,1.0,0.0,0,1.25
118,google_gemini-3-flash-preview,Rakhine,P118,"Cox's Bazar, coastal areas",Sacred or Forbidden Space,3254,588,339,46,12.782608695652174,0.576530612244898,0.8968460111317254,0.41156462585034015,0.0,0.6700680272108843,0,0,10.204081632653061,0,1,15.306122448979592,0.0,0,0,1,2,0,0,0,0,0,1,1,0,0,0,0,0,0,0,0.21052631578947367,পাহাড়ের কোল ঘেঁষে যেখানে কুয়াশা,2.0,0.0,0,2.0,0.0,0,1.0,0.0,0,2.0,0.0,0,1.75
119,google_gemini-3-flash-preview,Rakhine,P119,"Cox's Bazar, coastal areas",Everyday Life Narrative,3287,557,371,51,10.92156862745098,0.6660682226211849,0.939251968503937,0.5134649910233393,0.0,0.748653500897666,0,0,8.976660682226212,0,1,19.748653500897667,0.0,1,0,0,2,0,3,0,0,3,0,0,0,0,0,0,0,0,0,0.26666666666666666,নমস্কার আমি আজ আপনাদের শোনাব,2.0,0.0,0,3.0,0.0,0,2.0,0.0,0,1.0,0.0,0,2.0
120,google_gemini-3-flash-preview,Rakhine,P120,"Cox's Bazar, coastal areas",Change and Continuity,3002,534,347,43,12.418604651162791,0.649812734082397,0.9199999999999999,0.5037453183520599,0.0,0.6797752808988764,0,0,5.617977528089888,0,1,22.471910112359552,0.0,0,0,0,0,0,2,0,0,2,0,0,0,0,0,0,0,1,0,0.6,অনেককাল আগের কথা সাগরের নোনা,3.0,0.0,0,1.0,0.0,0,1.25,0.4330127018922193,1,1.0,0.0,0,1.5625
121,mistralai_mistral-large-2512,Bengali,P001,Bangladesh-Scoped,Origin Story,2753,475,253,64,7.421875,0.5326315789473685,0.8804225352112676,0.32842105263157895,0.014830508474576272,0.6842105263157895,1,1,2.1052631578947367,0,1,4.2105263157894735,0.0,0,0,4,3,0,0,0,0,4,0,0,0,0,0,0,0,0,0,0.2777777777777778,শালুক ফুলের গল্প প্রাচীন কালের,1.75,0.4330127018922193,1,1.0,0.0,0,1.75,0.4330127018922193,1,2.25,0.82915619758885,2,1.6875
122,mistralai_mistral-large-2512,Bengali,P002,Bangladesh-Scoped,Human–Nature Relationship,2619,484,240,63,7.682539682539683,0.49586776859504134,0.8549885057471265,0.32231404958677684,0.004158004158004158,0.6363636363636364,1,8,14.462809917355372,0,1,0.0,0.0,0,0,0,1,0,0,0,0,0,0,0,0,0,0,0,0,0,0,0.16666666666666666,নদীর অভিশাপ বহুকাল আগের কথা,1.25,0.4330127018922193,1,2.0,0.0,0,2.0,0.0,0,2.0,0.0,0,1.8125
123,mistralai_mistral-large-2512,Bengali,P003,Bangladesh-Scoped,Moral Transgression and Consequence,2179,382,200,45,8.488888888888889,0.5235602094240838,0.8588588588588588,0.3612565445026178,0.0158311345646438,0.6361256544502618,1,1,13.089005235602095,0,1,0.0,0.0,0,0,1,2,0,0,0,0,1,0,0,0,0,0,0,0,0,0,0.0625,শাপলার বাঁশি নদীর ধারে ছোট্ট,2.0,0.0,0,2.0,0.0,0,1.25,0.4330127018922193,1,1.0,0.0,0,1.5625
124,mistralai_mistral-large-2512,Bengali,P004,Bangladesh-Scoped,Wisdom of an Elder,2849,520,268,63,8.253968253968255,0.5153846153846153,0.8441188959660297,0.3173076923076923,0.015473887814313346,0.6730769230769231,1,1,3.8461538461538463,0,1,0.0,0.0,0,0,0,0,0,0,0,0,0,0,0,0,0,0,0,0,0,0,0.0,শালিক পাখির বুলি সোনারগাঁও গ্রামের,2.0,0.0,0,2.0,0.0,0,2.0,0.0,0,1.0,0.0,0,1.75
125,mistralai_mistral-large-2512,Bengali,P005,Bangladesh-Scoped,Community Crisis,2321,400,217,49,8.16326530612245,0.5425,0.8507692307692308,0.3425,0.02518891687657431,0.685,1,1,15.0,0,1,0.0,0.0,0,0,2,3,0,0,0,0,2,0,0,0,0,0,0,0,0,0,0.13333333333333333,শাপমুক্তির গান গ্রামের নাম ছিল,1.0,0.0,0,2.0,0.0,0,2.0,0.0,0,0.75,0.4330127018922193,1,1.4375
126,mistralai_mistral-large-2512,Bengali,P006,Bangladesh-Scoped,Rite of Passage,3034,536,277,58,9.241379310344827,0.5167910447761194,0.8741683778234087,0.333955223880597,0.0075046904315197,0.6305970149253731,1,1,13.059701492537313,0,1,0.0,0.0,1,0,0,0,0,0,0,0,0,0,0,0,0,0,0,0,0,0,0.0625,গল্প মেঘের মালা সোনারগাঁওয়ের পাশের,2.0,0.0,0,1.0,0.0,0,2.0,0.0,0,1.0,0.0,0,1.5
127,mistralai_mistral-large-2512,Bengali,P007,Bangladesh-Scoped,Trickster or Clever Figure,3620,664,301,87,7.632183908045977,0.45331325301204817,0.8414959349593496,0.2876506024096386,0.009077155824508321,0.6114457831325302,1,1,4.518072289156627,0,1,0.0,0.0,0,1,0,0,0,1,0,0,0,1,0,0,0,0,0,0,0,0,0.2857142857142857,শিয়ালের বুদ্ধি ও বাঘের শিক্ষা,1.5,0.5,1,2.75,0.4330127018922193,1,2.5,0.8660254037844386,2,1.0,0.0,0,1.9375
128,mistralai_mistral-large-2512,Bengali,P008,Bangladesh-Scoped,Sacred or Forbidden Space,2639,482,265,56,8.607142857142858,0.549792531120332,0.8475750577367206,0.3796680497925311,0.0,0.6265560165975104,1,1,10.37344398340249,0,1,0.0,0.0,1,0,0,1,0,0,0,0,0,0,0,0,0,0,0,0,0,0,0.05263157894736842,নিষিদ্ধ আমগাছের ছায়া গ্রামের নাম,2.0,0.0,0,1.5,0.5,1,2.25,0.4330127018922193,1,1.75,0.4330127018922193,1,1.875
129,mistralai_mistral-large-2512,Bengali,P009,Bangladesh-Scoped,Everyday Life Narrative,2814,497,283,67,7.417910447761194,0.5694164989939637,0.8930357142857143,0.37424547283702214,0.018218623481781375,0.6981891348088531,1,1,2.0120724346076457,0,1,0.0,0.0,0,0,0,1,0,0,0,0,0,0,0,0,0,0,0,0,0,0,0.06666666666666667,ধানের গান সোনালী ধানের ক্ষেতে,3.0,0.0,0,1.0,0.0,0,2.0,0.0,0,1.0,0.0,0,1.75
130,mistralai_mistral-large-2512,Bengali,P010,Bangladesh-Scoped,Change and Continuity,2622,464,258,51,9.098039215686274,0.5560344827586207,0.8880963855421686,0.3706896551724138,0.01735357917570499,0.6875,1,1,10.775862068965518,0,1,2.1551724137931036,0.0,0,0,1,1,0,0,0,0,1,0,0,0,0,0,1,1,0,0,0.3,শাপলার বিলের কিংবদন্তি পুরনো কালে,1.25,0.4330127018922193,1,1.25,0.4330127018922193,1,1.0,0.0,0,0.75,0.4330127018922193,1,1.0625
131,mistralai_mistral-large-2512,Chakma,P011,Chittagong Hill Tracts,Origin Story,2508,415,250,47,8.829787234042554,0.6024096385542169,0.8710382513661202,0.42409638554216866,0.0,0.6144578313253012,1,5,7.228915662650603,0,1,0.0,0.0,0,0,0,1,0,0,0,0,0,0,0,0,0,0,0,0,0,0,0.16666666666666666,চাকমা লোককথা পাহাড়ের কান্না ও,2.0,0.0,0,1.0,0.0,0,2.0,0.0,0,1.0,0.0,0,1.5
132,mistralai_mistral-large-2512,Chakma,P012,Chittagong Hill Tracts,Human–Nature Relationship,2872,509,292,72,7.069444444444445,0.5736738703339882,0.8829130434782608,0.3929273084479371,0.003952569169960474,0.6385068762278978,1,7,1.9646365422396856,0,1,0.0,0.0,1,1,2,1,0,0,0,0,0,2,2,0,0,0,0,0,0,0,0.3333333333333333,নদীর অভিশাপ ও বনের আশীর্বাদ,3.0,0.0,0,1.0,0.0,0,1.5,0.5,1,1.0,0.0,0,1.625
133,mistralai_mistral-large-2512,Chakma,P013,Chittagong Hill Tracts,Moral Transgression and Consequence,2692,465,266,50,9.3,0.5720430107526882,0.9025961538461539,0.3913978494623656,0.010822510822510822,0.6645161290322581,1,1,8.602150537634408,0,1,0.0,0.0,1,0,0,3,0,0,0,0,0,0,0,0,0,0,0,0,0,0,0.125,তারা মাছের অভিশাপ চাকমা গ্রাম,2.0,0.0,0,1.25,0.4330127018922193,1,1.0,0.0,0,2.0,0.0,0,1.5625
134,mistralai_mistral-large-2512,Chakma,P014,Chittagong Hill Tracts,Wisdom of an Elder,3201,547,284,55,9.945454545454545,0.5191956124314442,0.8822088353413654,0.3053016453382084,0.009191176470588236,0.6617915904936015,1,1,12.79707495429616,0,1,3.656307129798903,0.0,1,1,0,0,0,0,0,0,0,0,0,0,0,0,0,0,0,0,0.23076923076923078,চাঁদের আলোয় ফোটা ফুল পার্বত্য,2.0,0.0,0,2.0,0.0,0,2.0,0.0,0,1.0,0.0,0,1.75
135,mistralai_mistral-large-2512,Chakma,P015,Chittagong Hill Tracts,Community Crisis,2537,411,268,42,9.785714285714286,0.6520681265206812,0.9023204419889502,0.49635036496350365,0.0024509803921568627,0.7445255474452555,1,15,2.4330900243309004,0,1,0.0,0.0,0,1,1,2,0,0,0,0,0,1,1,0,0,0,0,0,0,0,0.13333333333333333,চাকমা লোককথা বিজু ফুলের আশীর্বাদ,2.0,0.0,0,2.0,0.0,0,1.0,0.0,0,0.75,0.4330127018922193,1,1.4375
136,mistralai_mistral-large-2512,Chakma,P016,Chittagong Hill Tracts,Rite of Passage,2762,478,254,49,9.755102040816327,0.5313807531380753,0.876083916083916,0.3514644351464435,0.010526315789473684,0.6673640167364017,1,1,14.644351464435147,0,1,0.0,0.0,0,0,0,1,0,0,0,0,0,0,0,0,0,0,0,0,0,0,0.1875,তারা মাছের আলোয় চাকমা গ্রাম,2.0,0.0,0,1.0,0.0,0,1.0,0.0,0,1.0,0.0,0,1.25
137,mistralai_mistral-large-2512,Chakma,P017,Chittagong Hill Tracts,Trickster or Clever Figure,2010,346,205,39,8.871794871794872,0.5924855491329479,0.8532659932659932,0.3901734104046243,0.02040816326530612,0.6560693641618497,1,1,5.780346820809249,0,1,0.0,0.0,0,0,0,0,0,1,0,0,1,0,0,0,0,0,0,0,0,0,0.14285714285714285,বুদ্ধিমান খোক্কো ও লোভী রাজা,3.0,0.0,0,2.0,0.0,0,2.25,0.4330127018922193,1,1.75,0.4330127018922193,1,2.25
138,mistralai_mistral-large-2512,Chakma,P018,Chittagong Hill Tracts,Sacred or Forbidden Space,3072,523,312,65,8.046153846153846,0.5965583173996176,0.9108438818565401,0.42829827915869984,0.0,0.6787762906309751,1,1,13.38432122370937,0,1,0.0,0.0,0,0,1,1,0,0,0,0,0,1,1,0,0,0,0,0,0,0,0.10526315789473684,পাহাড়ের কান্না চাকমা গ্রাম বিজয়গিরি,2.0,0.0,0,2.0,0.0,0,1.0,0.0,0,1.0,0.0,0,1.5
139,mistralai_mistral-large-2512,Chakma,P019,Chittagong Hill Tracts,Everyday Life Narrative,2972,518,301,70,7.4,0.581081081081081,0.9029850746268657,0.4034749034749035,0.0,0.7664092664092664,1,1,13.513513513513514,0,1,0.0,0.0,0,0,0,0,0,0,0,0,0,0,0,0,0,0,0,0,0,0,0.13333333333333333,চাকমা মায়ের হরিণা পিঠা পাহাড়ের,1.0,0.0,0,1.25,0.4330127018922193,1,1.0,0.0,0,0.75,0.4330127018922193,1,1.0
140,mistralai_mistral-large-2512,Chakma,P020,Chittagong Hill Tracts,Change and Continuity,2991,533,302,56,9.517857142857142,0.5666041275797373,0.8678099173553718,0.41088180112570355,0.0018867924528301887,0.7148217636022514,1,4,9.380863039399625,0,1,0.0,0.0,1,0,0,1,0,0,0,0,0,0,0,0,0,0,0,0,0,0,0.2,বাঁশের বাঁশি ও পাহাড়ের গান,2.0,0.0,0,1.0,0.0,0,2.0,0.0,0,1.0,0.0,0,1.5
141,mistralai_mistral-large-2512,Marma,P021,Chittagong Hill Tracts,Origin Story,2924,511,285,49,10.428571428571429,0.5577299412915852,0.8529004329004329,0.3953033268101761,0.0,0.7025440313111546,1,3,9.784735812133073,0,1,0.0,0.0,0,0,0,2,0,0,0,0,0,0,0,0,0,0,0,0,0,0,0.2777777777777778,ম্রো পাহাড়ের কান্না ও নদীর,1.75,0.4330127018922193,1,1.0,0.0,0,2.0,0.0,0,1.0,0.0,0,1.4375
142,mistralai_mistral-large-2512,Marma,P022,Chittagong Hill Tracts,Human–Nature Relationship,2707,478,260,49,9.755102040816327,0.5439330543933054,0.8717016317016316,0.38284518828451886,0.021052631578947368,0.6715481171548117,1,1,12.552301255230125,0,1,0.0,0.0,0,0,1,1,0,0,0,0,0,1,1,0,0,0,0,0,0,0,0.3333333333333333,নদীর অভিশাপ ও মুক্তির গান,2.0,0.0,0,1.0,0.0,0,2.0,0.0,0,1.0,0.0,0,1.5
143,mistralai_mistral-large-2512,Marma,P023,Chittagong Hill Tracts,Moral Transgression and Consequence,2850,495,257,60,8.25,0.5191919191919192,0.8625112107623318,0.3292929292929293,0.018292682926829267,0.6545454545454545,1,5,4.040404040404041,0,1,0.0,0.0,0,1,1,1,0,0,0,0,0,1,1,0,0,0,0,0,0,0,0.125,ম্রো পাহাড়ের অভিশাপ ম্রো পাহাড়ের,1.25,0.4330127018922193,1,1.75,0.4330127018922193,1,1.0,0.0,0,0.75,0.4330127018922193,1,1.1875
144,mistralai_mistral-large-2512,Marma,P024,Chittagong Hill Tracts,Wisdom of an Elder,2685,483,256,63,7.666666666666667,0.5300207039337475,0.8651612903225807,0.35196687370600416,0.0125,0.6169772256728778,1,1,0.0,0,1,0.0,0.0,3,0,0,1,0,0,0,0,0,0,0,0,0,0,0,0,0,0,0.0,পাহাড়ের ফিসফিসানি বান্দরবানের গভীর অরণ্যে,2.0,0.0,0,1.0,0.0,0,2.0,0.0,0,0.75,0.4330127018922193,1,1.4375
145,mistralai_mistral-large-2512,Marma,P025,Chittagong Hill Tracts,Community Crisis,2805,439,285,41,10.707317073170731,0.6492027334851936,0.8925128205128204,0.4874715261958998,0.0,0.7425968109339408,1,20,2.277904328018223,0,1,0.0,0.0,1,1,4,2,0,0,0,0,0,4,4,0,0,0,0,0,0,0,0.06666666666666667,মেঘের আশীর্বাদ বান্দরবানের পাহাড়ি উপত্যকায়,2.25,0.4330127018922193,1,2.0,0.0,0,2.0,0.0,0,2.0,0.0,0,2.0625
146,mistralai_mistral-large-2512,Marma,P026,Chittagong Hill Tracts,Rite of Passage,2708,463,277,41,11.292682926829269,0.5982721382289417,0.9180193236714976,0.4190064794816415,0.002173913043478261,0.673866090712743,1,9,17.278617710583152,0,1,0.0,0.0,0,0,0,1,0,0,0,0,0,0,0,0,0,0,0,0,0,0,0.25,ম্রো পাহাড়ের আলো ম্রো পাহাড়ের,2.0,0.0,0,2.0,0.0,0,1.0,0.0,0,1.0,0.0,0,1.5
147,mistralai_mistral-large-2512,Marma,P027,Chittagong Hill Tracts,Trickster or Clever Figure,3826,671,303,83,8.08433734939759,0.45156482861400893,0.8258520900321542,0.2593144560357675,0.014970059880239521,0.6438152011922503,1,1,0.0,0,1,0.0,0.0,1,0,0,0,0,1,0,0,1,0,0,0,0,0,0,0,0,0,0.2857142857142857,মুরং রাজার গল্প বান্দরবানের গহীন,1.0,0.0,0,1.0,0.0,0,2.0,0.0,0,1.0,0.7071067811865476,2,1.25
148,mistralai_mistral-large-2512,Marma,P028,Chittagong Hill Tracts,Sacred or Forbidden Space,2369,400,247,49,8.16326530612245,0.6175,0.8886039886039886,0.4575,0.0,0.6575,1,6,17.5,0,1,0.0,0.0,1,0,1,2,0,0,0,1,0,2,1,0,0,0,0,0,0,0,0.0,পাহাড়ের কান্না বান্দরবানের গভীর অরণ্যে,2.0,0.0,0,2.0,0.0,0,1.0,0.0,0,1.0,0.0,0,1.5
149,mistralai_mistral-large-2512,Marma,P029,Chittagong Hill Tracts,Everyday Life Narrative,3829,662,368,80,8.275,0.5558912386706949,0.898694942903752,0.3942598187311178,0.0015174506828528073,0.702416918429003,1,1,7.552870090634441,0,1,0.0,0.0,0,1,0,0,0,1,0,0,1,0,0,0,0,0,0,0,0,0,0.26666666666666666,মেঘের দেশের ধান বান্দরবানের পাহাড়ি,1.0,0.0,0,1.0,0.0,0,1.0,0.0,0,0.75,0.4330127018922193,1,0.9375
150,mistralai_mistral-large-2512,Marma,P030,Chittagong Hill Tracts,Change and Continuity,2502,440,221,44,10.0,0.5022727272727273,0.8360102301790281,0.32727272727272727,0.006864988558352402,0.6568181818181819,1,5,6.818181818181818,0,1,0.0,0.0,1,0,0,1,0,0,0,0,0,0,0,0,0,0,0,0,0,0,0.1,পাহাড়ের কান্না ও নদীর গান,2.0,0.0,0,2.0,0.0,0,1.0,0.0,0,1.0,0.0,0,1.5
151,mistralai_mistral-large-2512,Santal,P031,"Rajshahi, Rangpur, northwestern plains",Origin Story,2733,494,261,42,11.761904761904763,0.52834008097166,0.859370786516854,0.34615384615384615,0.006109979633401222,0.6518218623481782,1,1,10.121457489878543,0,1,0.0,0.0,0,1,0,1,0,0,0,2,2,0,0,0,0,0,0,0,0,0,0.05555555555555555,মারাং বুরু ও ধানের জন্মকথা,1.25,0.4330127018922193,1,1.25,0.4330127018922193,1,2.0,0.0,0,0.75,0.4330127018922193,1,1.3125
152,mistralai_mistral-large-2512,Santal,P032,"Rajshahi, Rangpur, northwestern plains",Human–Nature Relationship,2511,451,229,57,7.912280701754386,0.5077605321507761,0.8691044776119403,0.3237250554323725,0.002232142857142857,0.6607538802660754,1,1,26.607538802660756,0,1,2.2172949002217295,0.0,0,0,0,0,0,0,0,0,0,0,0,0,0,0,0,0,0,0,0.4444444444444444,নদীর অভিশাপ ও সাঁওতাল মায়ের,3.0,0.0,0,2.0,0.0,0,2.0,0.0,0,1.0,0.0,0,2.0
153,mistralai_mistral-large-2512,Santal,P033,"Rajshahi, Rangpur, northwestern plains",Moral Transgression and Consequence,3054,569,262,73,7.794520547945205,0.46045694200351495,0.8417307692307692,0.28295254833040423,0.00530035335689046,0.6028119507908611,1,2,8.787346221441124,0,1,0.0,0.0,0,0,0,0,0,0,0,0,0,0,0,0,0,0,0,0,0,0,0.125,দুই ভাইয়ের গল্প সাঁওতাল পরগনার,2.0,0.0,0,2.0,0.0,0,1.0,0.0,0,1.0,0.0,0,1.5
154,mistralai_mistral-large-2512,Santal,P034,"Rajshahi, Rangpur, northwestern plains",Wisdom of an Elder,2498,427,235,87,4.908045977011494,0.550351288056206,0.855925925925926,0.36065573770491804,0.02122641509433962,0.65807962529274,1,1,53.86416861826698,0,1,0.0,0.0,1,0,1,1,0,0,0,1,1,1,1,0,0,0,0,0,0,0,0.07692307692307693,মাটির গান সাঁওতাল পরগনার এক,2.0,0.0,0,2.25,0.4330127018922193,1,2.25,0.4330127018922193,1,1.0,0.0,0,1.875
155,mistralai_mistral-large-2512,Santal,P035,"Rajshahi, Rangpur, northwestern plains",Community Crisis,2943,499,297,56,8.910714285714286,0.5951903807615231,0.8781333333333332,0.41282565130260523,0.0020161290322580645,0.6793587174348698,1,1,12.024048096192384,0,1,0.0,0.0,1,0,1,2,0,0,0,1,1,1,1,0,0,0,0,0,0,0,0.06666666666666667,বৃষ্টির গান সাঁওতাল পরগনার গ্রামগুলোতে,2.0,0.0,0,3.0,0.0,0,2.0,0.0,0,2.0,0.0,0,2.25
156,mistralai_mistral-large-2512,Santal,P036,"Rajshahi, Rangpur, northwestern plains",Rite of Passage,3414,585,338,81,7.222222222222222,0.5777777777777777,0.9051119402985074,0.37094017094017095,0.001718213058419244,0.7025641025641025,1,2,18.803418803418804,0,1,0.0,0.0,0,1,1,2,0,0,0,1,1,1,1,0,0,0,0,0,0,1,0.0625,মুরমুর জাগরণ সাঁওতাল পরগনার গভীর,3.0,1.224744871391589,3,1.25,0.4330127018922193,1,1.25,0.4330127018922193,1,2.25,0.4330127018922193,1,1.9375
157,mistralai_mistral-large-2512,Santal,P037,"Rajshahi, Rangpur, northwestern plains",Trickster or Clever Figure,2091,369,196,46,8.021739130434783,0.5311653116531165,0.8460000000000001,0.34688346883468835,0.01639344262295082,0.6666666666666666,1,1,0.0,0,1,0.0,0.0,0,1,0,0,1,1,0,0,0,2,0,0,0,0,0,0,0,0,0.14285714285714285,সোনার কাঠির গল্প সাঁওতাল পরগনার,3.0,0.0,0,1.75,0.4330127018922193,1,1.0,0.0,0,1.0,0.0,0,1.6875
158,mistralai_mistral-large-2512,Santal,P038,"Rajshahi, Rangpur, northwestern plains",Sacred or Forbidden Space,2565,456,262,62,7.354838709677419,0.5745614035087719,0.8668796068796069,0.38377192982456143,0.0,0.6425438596491229,1,1,19.736842105263158,0,1,0.0,0.0,2,0,0,1,0,0,0,1,1,0,0,0,0,0,0,0,0,0,0.3157894736842105,পাহাড়ের কান্না সাঁওতাল পরগনার উত্তরে,2.25,0.4330127018922193,1,1.0,0.0,0,1.0,0.0,0,1.0,0.0,0,1.3125
159,mistralai_mistral-large-2512,Santal,P039,"Rajshahi, Rangpur, northwestern plains",Everyday Life Narrative,2829,481,295,61,7.885245901639344,0.6133056133056133,0.9165277777777777,0.42411642411642414,0.006276150627615063,0.7047817047817048,1,1,6.237006237006237,0,1,0.0,0.0,0,0,2,1,0,0,0,2,2,2,2,0,0,0,0,0,1,0,0.13333333333333333,সোনার ধানের গান সাঁওতাল পরগনার,2.0,0.0,0,2.0,0.0,0,1.0,0.0,0,2.0,0.0,0,1.75
160,mistralai_mistral-large-2512,Santal,P040,"Rajshahi, Rangpur, northwestern plains",Change and Continuity,2327,382,225,48,7.958333333333333,0.5890052356020943,0.8794594594594595,0.39528795811518325,0.002638522427440633,0.6387434554973822,1,1,7.853403141361256,0,1,5.2356020942408374,0.0,2,0,0,1,0,0,0,0,0,0,0,0,0,0,0,0,0,0,0.1,কাঁসার ঘণ্টা সাঁওতাল পরগনার এক,3.0,0.0,0,2.0,0.0,0,2.0,0.0,0,2.0,0.0,0,2.25
161,mistralai_mistral-large-2512,Garo (Mandi),P041,"Mymensingh, Sherpur",Origin Story,3058,511,251,57,8.964912280701755,0.4911937377690802,0.8393506493506493,0.31702544031311153,0.023622047244094488,0.6477495107632094,1,1,7.8277886497064575,0,1,9.784735812133073,0.0,0,0,0,0,0,0,0,0,0,0,0,0,0,0,0,0,0,0,0.1111111111111111,গারো পাহাড়ের প্রথম মাটি প্রথম,3.0,0.0,0,2.0,0.0,0,2.0,0.7071067811865476,2,1.0,0.0,0,2.0
162,mistralai_mistral-large-2512,Garo (Mandi),P042,"Mymensingh, Sherpur",Human–Nature Relationship,2857,503,272,63,7.984126984126984,0.5407554671968191,0.8756387665198239,0.36381709741550694,0.0,0.6043737574552683,1,1,3.9761431411530817,0,1,0.0,0.0,0,0,0,1,0,1,0,0,0,1,0,0,0,0,0,0,1,0,0.3888888888888889,নকমা ও নদীর অভিশাপ গারো,2.0,0.0,0,2.0,0.0,0,2.0,0.0,0,1.0,0.0,0,1.75
163,mistralai_mistral-large-2512,Garo (Mandi),P043,"Mymensingh, Sherpur",Moral Transgression and Consequence,2136,357,225,42,8.5,0.6302521008403361,0.8733766233766234,0.47619047619047616,0.0,0.6666666666666666,1,6,16.80672268907563,0,1,0.0,0.0,0,1,0,1,0,0,0,0,0,0,0,0,1,0,0,1,0,0,0.0,গারো পাহাড়ের অভিশাপ গারো পাহাড়ের,3.0,0.0,0,3.0,0.0,0,2.0,0.0,0,2.0,0.0,0,2.5
164,mistralai_mistral-large-2512,Garo (Mandi),P044,"Mymensingh, Sherpur",Wisdom of an Elder,2755,479,255,61,7.852459016393443,0.5323590814196242,0.8846976744186047,0.34029227557411273,0.0021008403361344537,0.6492693110647182,1,1,4.175365344467641,0,1,6.263048016701461,0.0,1,0,0,1,0,0,0,0,0,0,0,0,0,0,0,0,0,0,0.07692307692307693,নকমার বাঁশির সুর গারো পাহাড়ের,3.0,0.0,0,4.5,0.8660254037844386,2,2.0,0.0,0,2.0,0.0,0,2.875
165,mistralai_mistral-large-2512,Garo (Mandi),P045,"Mymensingh, Sherpur",Community Crisis,2778,461,284,63,7.317460317460317,0.6160520607375272,0.8963106796116505,0.42950108459869846,0.008733624454148471,0.6572668112798264,1,1,8.676789587852495,0,1,0.0,0.0,0,1,0,1,0,0,0,0,0,0,0,0,0,0,0,0,0,0,0.13333333333333333,গারো পাহাড়ের অশ্রু গারো পাহাড়ের,2.0,0.0,0,2.0,0.0,0,2.0,0.0,0,2.0,0.0,0,2.0
166,mistralai_mistral-large-2512,Garo (Mandi),P046,"Mymensingh, Sherpur",Rite of Passage,2784,478,304,48,9.958333333333334,0.6359832635983264,0.9162237762237763,0.4790794979079498,0.0,0.6882845188284519,1,1,10.460251046025105,0,1,0.0,0.0,0,0,1,2,0,0,0,0,0,1,1,0,0,0,0,0,0,0,0.125,নকমার পথে গারো পাহাড়ের কোলে,2.25,0.4330127018922193,1,2.0,0.0,0,2.25,0.82915619758885,2,1.0,0.0,0,1.875
167,mistralai_mistral-large-2512,Garo (Mandi),P047,"Mymensingh, Sherpur",Trickster or Clever Figure,2279,412,213,51,8.07843137254902,0.5169902912621359,0.8443526170798898,0.3131067961165049,0.012224938875305624,0.6432038834951457,1,9,9.70873786407767,0,1,31.553398058252426,0.0,1,0,0,0,0,1,0,0,0,1,0,0,0,0,0,0,0,0,0.14285714285714285,গারো পাহাড়ের চালাক খোকশি গারো,3.0,0.0,0,2.0,0.0,0,2.0,0.0,0,1.0,0.0,0,2.0
168,mistralai_mistral-large-2512,Garo (Mandi),P048,"Mymensingh, Sherpur",Sacred or Forbidden Space,3356,595,334,71,8.380281690140846,0.561344537815126,0.8922344322344323,0.3764705882352941,0.0,0.6756302521008404,1,1,10.084033613445378,0,1,0.0,0.0,1,0,0,1,0,0,0,0,0,0,0,0,0,0,0,0,0,0,0.21052631578947367,নকমা র পবিত্র ডালু গারো,2.0,0.0,0,2.0,0.0,0,1.0,0.0,0,1.75,0.4330127018922193,1,1.6875
169,mistralai_mistral-large-2512,Garo (Mandi),P049,"Mymensingh, Sherpur",Everyday Life Narrative,2821,489,287,60,8.15,0.5869120654396728,0.9149090909090909,0.4069529652351738,0.00205761316872428,0.7116564417177914,1,1,8.1799591002045,0,1,0.0,0.0,0,0,0,1,0,0,0,0,0,0,0,0,0,0,0,0,0,0,0.4,রঙের উৎসব রক্তিম আশা গারো,3.0,0.0,0,2.0,0.0,0,2.0,0.0,0,1.0,0.0,0,2.0
170,mistralai_mistral-large-2512,Garo (Mandi),P050,"Mymensingh, Sherpur",Change and Continuity,3120,529,303,61,8.672131147540984,0.5727788279773157,0.88075,0.3931947069943289,0.0019011406844106464,0.667296786389414,1,1,18.90359168241966,0,1,0.0,0.0,0,0,0,2,0,0,0,0,0,0,0,0,0,0,0,0,0,0,0.4,নকমা ও পাহাড়ের বাঁশি গারো,3.5,0.8660254037844386,2,2.0,0.0,0,2.0,0.0,0,1.0,0.0,0,2.125
171,mistralai_mistral-large-2512,Khasi,P051,Sylhet (border areas),Origin Story,2321,416,251,38,10.947368421052632,0.6033653846153846,0.9016893732970027,0.4182692307692308,0.002421307506053269,0.6706730769230769,1,5,16.826923076923077,0,1,0.0,0.0,0,0,0,0,0,0,0,0,0,0,0,0,0,0,0,0,0,0,0.05555555555555555,খাসি পাহাড়ের প্রথম ঝরনা খাসি,3.0,0.0,0,3.0,0.0,0,2.0,0.0,0,2.0,0.0,0,2.5
172,mistralai_mistral-large-2512,Khasi,P052,Sylhet (border areas),Human–Nature Relationship,2188,397,223,41,9.682926829268293,0.5617128463476071,0.857816091954023,0.3979848866498741,0.0,0.6423173803526449,1,14,15.113350125944585,0,1,0.0,0.0,0,0,0,2,0,0,0,0,0,0,0,0,0,0,0,0,0,0,0.2222222222222222,নদীর অভিশাপ ও খাসি মায়ের,2.0,0.0,0,1.0,0.0,0,1.0,0.0,0,0.75,0.4330127018922193,1,1.1875
173,mistralai_mistral-large-2512,Khasi,P053,Sylhet (border areas),Moral Transgression and Consequence,2212,406,232,37,10.972972972972974,0.5714285714285714,0.8714845938375351,0.3817733990147783,0.004962779156327543,0.6674876847290641,1,1,17.24137931034483,0,1,0.0,0.0,1,1,1,3,0,0,0,0,0,1,1,0,0,0,0,0,0,0,0.1875,কাঁসাই নদীর অভিশাপ খাসি পাহাড়ের,2.0,0.0,0,2.0,0.0,0,2.0,0.0,0,1.0,0.0,0,1.75
174,mistralai_mistral-large-2512,Khasi,P054,Sylhet (border areas),Wisdom of an Elder,2898,504,266,66,7.636363636363637,0.5277777777777778,0.8614505494505494,0.35119047619047616,0.00998003992015968,0.6309523809523809,1,1,19.841269841269842,0,1,0.0,0.0,1,0,0,0,0,0,0,0,0,0,0,0,0,0,0,0,0,0,0.07692307692307693,কাঁসার ঘণ্টার আওয়াজ খাসি পাহাড়ের,3.0,0.0,0,2.0,0.7071067811865476,2,2.0,0.0,0,1.25,0.4330127018922193,1,2.0625
175,mistralai_mistral-large-2512,Khasi,P055,Sylhet (border areas),Community Crisis,2088,352,232,39,9.025641025641026,0.6590909090909091,0.9076567656765676,0.48295454545454547,0.0,0.7244318181818182,1,2,8.522727272727273,0,1,0.0,0.0,0,0,1,0,0,0,0,0,0,1,1,0,0,0,0,0,0,0,0.0,কাঁসাই নদীর অভিশাপ খাসি পাহাড়ের,2.25,0.4330127018922193,1,2.0,0.0,0,2.0,0.0,0,1.0,0.0,0,1.8125
176,mistralai_mistral-large-2512,Khasi,P056,Sylhet (border areas),Rite of Passage,2710,492,274,47,10.46808510638298,0.556910569105691,0.878510158013544,0.3699186991869919,0.0,0.676829268292683,1,1,30.48780487804878,0,1,0.0,0.0,0,0,0,0,0,0,0,0,0,0,0,0,0,0,0,0,0,0,0.3125,কাঁচা পাতার মুকুট খাসি পাহাড়ের,3.0,0.0,0,3.0,0.0,0,1.75,0.4330127018922193,1,1.25,0.4330127018922193,1,2.25
177,mistralai_mistral-large-2512,Khasi,P057,Sylhet (border areas),Trickster or Clever Figure,2202,392,225,45,8.71111111111111,0.5739795918367347,0.8349271137026238,0.3903061224489796,0.0,0.6224489795918368,1,2,5.1020408163265305,0,1,22.959183673469386,0.0,0,0,0,0,0,1,0,0,0,1,0,0,0,0,0,0,0,0,0.5714285714285714,কাঠবিড়ালি ও বাঘের মামলা খাসি,2.75,0.4330127018922193,1,2.5,0.5,1,2.0,0.0,0,1.0,0.0,0,2.0625
178,mistralai_mistral-large-2512,Khasi,P058,Sylhet (border areas),Sacred or Forbidden Space,2849,498,270,63,7.904761904761905,0.5421686746987951,0.8546993318485523,0.3674698795180723,0.0,0.6345381526104418,1,1,16.06425702811245,0,1,0.0,0.0,0,0,0,2,0,0,0,0,0,0,0,0,0,0,0,0,0,0,0.10526315789473684,কাঁদামাটির পাহাড় খাসি পাহাড়ের কোলে,2.0,0.0,0,1.0,0.0,0,1.25,0.4330127018922193,1,1.25,0.4330127018922193,1,1.375
179,mistralai_mistral-large-2512,Khasi,P059,Sylhet (border areas),Everyday Life Narrative,2404,403,240,51,7.901960784313726,0.5955334987593052,0.8684180790960453,0.4392059553349876,0.0,0.71712158808933,1,1,4.962779156327543,0,1,0.0,0.0,0,0,0,1,0,0,0,1,1,0,0,0,0,0,0,0,0,0,0.13333333333333333,কাঁসার ঘণ্টা খাসি পাহাড়ের কোলে,2.0,0.0,0,1.25,0.4330127018922193,1,1.75,0.4330127018922193,1,1.25,0.4330127018922193,1,1.5625
180,mistralai_mistral-large-2512,Khasi,P060,Sylhet (border areas),Change and Continuity,1929,339,207,39,8.692307692307692,0.6106194690265486,0.9132413793103448,0.43952802359882004,0.0,0.7020648967551623,1,1,0.0,0,1,0.0,0.0,1,0,0,1,0,0,0,0,0,0,0,0,0,0,0,0,0,0,0.2,কাঁসার ঘণ্টা খাসি পাহাড়ের কোলে,2.0,0.0,0,2.0,0.0,0,1.0,0.0,0,2.0,0.0,0,1.75
181,mistralai_mistral-large-2512,Manipuri (Meitei),P061,Sylhet (border areas),Origin Story,2336,406,229,38,10.68421052631579,0.5640394088669951,0.8482913165266106,0.3645320197044335,0.0024813895781637717,0.6650246305418719,1,5,2.4630541871921183,0,1,0.0,0.0,0,1,0,3,0,0,0,0,0,0,0,0,0,0,0,0,0,0,0.16666666666666666,মণিপুরের জল ও জন্মকথা প্রাচীন,2.0,0.0,0,1.0,0.0,0,1.0,0.0,0,1.0,0.0,0,1.25
182,mistralai_mistral-large-2512,Manipuri (Meitei),P062,Sylhet (border areas),Human–Nature Relationship,3034,546,275,59,9.254237288135593,0.5036630036630036,0.8511871227364185,0.3131868131868132,0.0,0.6373626373626373,1,1,10.989010989010989,0,1,0.0,0.0,0,0,0,2,0,0,0,0,0,0,0,0,0,0,0,0,0,0,0.4444444444444444,নদীর অভিশাপ ও মুক্তির গান,1.75,0.4330127018922193,1,2.0,0.0,0,3.5,0.8660254037844386,2,1.25,0.4330127018922193,1,2.125
183,mistralai_mistral-large-2512,Manipuri (Meitei),P063,Sylhet (border areas),Moral Transgression and Consequence,2479,427,245,50,8.54,0.5737704918032787,0.8655026455026456,0.39344262295081966,0.0,0.6861826697892272,1,2,11.7096018735363,0,1,0.0,0.0,0,1,2,1,0,0,0,0,2,0,0,0,0,0,0,0,0,0,0.0625,মণিপুরী লোককথা লাইহারোবার শাস্তি সিলেটের,2.0,0.0,0,1.75,0.4330127018922193,1,1.5,0.5,1,1.0,0.0,0,1.5625
184,mistralai_mistral-large-2512,Manipuri (Meitei),P064,Sylhet (border areas),Wisdom of an Elder,2916,530,293,59,8.983050847457626,0.5528301886792453,0.8618295218295219,0.37358490566037733,0.0018975332068311196,0.6490566037735849,1,1,11.320754716981131,0,1,1.8867924528301887,0.0,1,0,0,0,0,0,0,0,0,0,0,0,0,0,0,0,0,0,0.0,মণিপুরি লোককথা বৃদ্ধের আশীর্বাদ সিলেটের,3.0,0.0,0,2.0,0.0,0,2.0,0.0,0,1.25,0.4330127018922193,1,2.0625
185,mistralai_mistral-large-2512,Manipuri (Meitei),P065,Sylhet (border areas),Community Crisis,2750,447,269,57,7.842105263157895,0.6017897091722595,0.8884422110552764,0.42953020134228187,0.0045045045045045045,0.6823266219239373,1,20,15.659955257270694,0,1,0.0,0.0,0,1,2,2,0,0,0,0,2,0,0,0,0,0,0,0,0,0,0.13333333333333333,মৈতৈদের বৃষ্টির গান মণিপুরের সবুজ,2.0,0.0,0,1.0,0.0,0,1.0,0.0,0,0.75,0.4330127018922193,1,1.1875
186,mistralai_mistral-large-2512,Manipuri (Meitei),P066,Sylhet (border areas),Rite of Passage,2524,419,247,38,11.026315789473685,0.5894988066825776,0.8733513513513513,0.38663484486873506,0.004807692307692308,0.6515513126491647,1,7,14.319809069212411,0,1,0.0,0.0,0,0,2,2,0,0,0,0,2,0,0,0,0,0,0,0,0,0,0.4375,মৈরাঙ লাইরেং মণিপুরি কন্যার দীক্ষা,2.0,0.0,0,2.0,0.0,0,2.0,0.0,0,1.0,0.0,0,1.75
187,mistralai_mistral-large-2512,Manipuri (Meitei),P067,Sylhet (border areas),Trickster or Clever Figure,2935,504,252,56,9.0,0.5,0.8676923076923078,0.3115079365079365,0.007984031936127744,0.621031746031746,1,1,1.9841269841269842,0,1,0.0,0.0,0,0,0,1,0,1,0,0,0,1,0,0,0,0,0,0,0,0,0.35714285714285715,মৈতৈ রাজার সোনার হাঁস মণিপুরের,1.0,0.0,0,1.25,0.4330127018922193,1,1.0,0.0,0,0.75,0.4330127018922193,1,1.0
188,mistralai_mistral-large-2512,Manipuri (Meitei),P068,Sylhet (border areas),Sacred or Forbidden Space,2533,430,246,41,10.487804878048781,0.5720930232558139,0.9092913385826772,0.38372093023255816,0.01405152224824356,0.6581395348837209,1,1,20.930232558139537,0,1,0.0,0.0,1,0,0,1,0,0,0,0,0,0,0,0,0,0,0,0,0,0,0.10526315789473684,নঙমাইখোঙের নিষিদ্ধ বট মণিপুরের পাহাড়ি,2.0,0.0,0,2.0,0.0,0,1.25,0.4330127018922193,1,1.0,0.0,0,1.5625
189,mistralai_mistral-large-2512,Manipuri (Meitei),P069,Sylhet (border areas),Everyday Life Narrative,2525,452,267,70,6.457142857142857,0.5907079646017699,0.9069975186104218,0.4092920353982301,0.0022271714922048997,0.7146017699115044,1,1,2.2123893805309733,0,1,42.0353982300885,0.0,0,0,0,0,0,0,0,0,0,0,0,0,0,0,0,0,0,0,0.13333333333333333,মণিপুরী মায়ের পিঠা সিলেটের পাহাড়ি,3.25,0.4330127018922193,1,2.0,0.0,0,2.0,0.0,0,1.25,0.4330127018922193,1,2.125
190,mistralai_mistral-large-2512,Manipuri (Meitei),P070,Sylhet (border areas),Change and Continuity,2607,458,256,58,7.896551724137931,0.5589519650655022,0.9101711491442542,0.36026200873362446,0.013186813186813187,0.648471615720524,1,1,8.733624454148472,0,1,0.0,0.0,0,0,1,2,0,0,0,0,1,0,0,0,0,0,0,0,0,0,0.2,মণিপুরি গ্রামের আলো আঁধার মণিপুরি,2.0,0.0,0,2.0,0.0,0,2.0,0.0,0,1.0,0.0,0,1.75
191,mistralai_mistral-large-2512,Mro,P071,Bandarban,Origin Story,2254,383,235,35,10.942857142857143,0.6135770234986945,0.8763473053892216,0.4046997389033943,0.002631578947368421,0.6919060052219321,1,1,15.66579634464752,0,1,0.0,0.0,1,0,0,1,0,0,0,0,0,0,0,0,0,0,0,0,0,0,0.16666666666666666,ম্রো পাহাড়ের কান্না ও নদীর,2.0,0.0,0,2.0,0.0,0,2.0,0.0,0,1.0,0.0,0,1.75
192,mistralai_mistral-large-2512,Mro,P072,Bandarban,Human–Nature Relationship,2307,413,234,46,8.978260869565217,0.5665859564164649,0.8478571428571429,0.3946731234866828,0.0,0.6779661016949152,1,1,19.37046004842615,0,1,0.0,0.0,0,0,1,1,0,0,0,0,0,1,1,0,0,0,0,0,0,0,0.2222222222222222,নদীর অভিশাপ ও ম্রো মায়ের,2.0,0.0,0,2.0,0.0,0,3.25,0.4330127018922193,1,1.0,0.0,0,2.0625
193,mistralai_mistral-large-2512,Mro,P073,Bandarban,Moral Transgression and Consequence,2001,351,210,40,8.775,0.5982905982905983,0.8541059602649007,0.4301994301994302,0.0,0.6524216524216524,1,1,14.245014245014245,0,1,0.0,0.0,0,0,0,1,0,0,0,0,0,0,0,0,0,0,0,0,0,0,0.0625,ম্রো পাহাড়ের অভিশাপ ম্রো পাহাড়ের,2.0,0.0,0,2.0,0.0,0,1.0,0.0,0,0.75,0.4330127018922193,1,1.4375
194,mistralai_mistral-large-2512,Mro,P074,Bandarban,Wisdom of an Elder,2726,498,228,63,7.904761904761905,0.4578313253012048,0.8204008908685969,0.28112449799196787,0.012121212121212121,0.6506024096385542,1,1,8.032128514056225,0,1,0.0,0.0,1,0,0,0,0,0,0,0,0,0,0,0,0,0,0,0,0,0,0.0,ম্রো পাহাড়ের বুড়ো ঝর্ণার গান,3.0,0.0,0,2.0,0.0,0,2.0,0.0,0,1.0,0.0,0,2.0
195,mistralai_mistral-large-2512,Mro,P075,Bandarban,Community Crisis,2300,397,231,44,9.022727272727273,0.5818639798488665,0.885,0.3929471032745592,0.012690355329949238,0.6649874055415617,1,1,5.037783375314861,0,1,0.0,0.0,0,1,1,1,0,0,0,0,0,1,1,0,0,0,0,0,0,0,0.06666666666666667,ম্রো পাহাড়ের অশ্রু ম্রো পাহাড়ের,3.0,0.0,0,2.0,0.0,0,2.25,0.4330127018922193,1,1.0,0.0,0,2.0625
196,mistralai_mistral-large-2512,Mro,P076,Bandarban,Rite of Passage,3542,606,345,70,8.657142857142857,0.5693069306930693,0.9030879712746858,0.37623762376237624,0.0,0.6435643564356436,1,1,11.551155115511552,0,1,0.0,0.0,0,0,1,1,0,0,0,0,0,1,1,0,0,0,0,0,0,0,0.125,চন্দ্রকিরণের পরীক্ষা বান্দরবানের গভীর অরণ্যে,2.0,0.0,0,1.0,0.0,0,1.0,0.0,0,1.0,0.0,0,1.25
197,mistralai_mistral-large-2512,Mro,P077,Bandarban,Trickster or Clever Figure,3005,512,274,60,8.533333333333333,0.53515625,0.838963282937365,0.341796875,0.005893909626719057,0.63671875,1,1,3.90625,0,1,0.0,0.0,0,1,0,1,0,1,0,0,1,0,0,0,0,0,0,0,0,0,0.21428571428571427,মুরং রাজার গল্প বান্দরবানের গহীন,3.5,0.8660254037844386,2,2.0,0.0,0,1.0,0.0,0,1.25,0.4330127018922193,1,1.9375
198,mistralai_mistral-large-2512,Mro,P078,Bandarban,Sacred or Forbidden Space,2890,513,274,63,8.142857142857142,0.5341130604288499,0.8569827586206896,0.33723196881091616,0.0,0.594541910331384,1,1,13.645224171539962,0,1,0.0,0.0,1,1,0,1,0,0,0,0,0,0,0,0,0,0,0,0,0,0,0.3157894736842105,পাহাড়ের কান্না ম্রো পাহাড়ের কোলে,2.0,0.0,0,1.0,0.0,0,1.75,1.299038105676658,3,1.25,0.4330127018922193,1,1.5
199,mistralai_mistral-large-2512,Mro,P079,Bandarban,Everyday Life Narrative,2898,491,281,60,8.183333333333334,0.5723014256619144,0.8973755656108597,0.3869653767820774,0.0,0.7046843177189409,1,1,6.109979633401222,0,1,0.0,0.0,0,0,0,1,0,0,0,0,0,0,0,0,0,0,0,0,0,0,0.13333333333333333,ম্রোদের পাহাড়ে বর্ষার গান পাহাড়ের,3.25,0.4330127018922193,1,2.0,0.0,0,2.0,0.0,0,2.0,0.0,0,2.3125
200,mistralai_mistral-large-2512,Mro,P080,Bandarban,Change and Continuity,3109,537,281,67,8.014925373134329,0.5232774674115456,0.8588934426229508,0.3333333333333333,0.0,0.6461824953445066,1,1,1.86219739292365,0,1,0.0,0.0,1,0,0,2,0,0,0,0,0,0,0,0,0,0,0,0,0,0,0.4,পাহাড়ের বুকে টিকে থাকা গান,3.0,0.0,0,2.0,0.0,0,2.0,0.0,0,2.0,0.0,0,2.25
201,mistralai_mistral-large-2512,Tripura,P081,Chittagong Hill Tracts,Origin Story,2985,530,278,54,9.814814814814815,0.5245283018867924,0.8709771309771309,0.32452830188679244,0.0018975332068311196,0.6584905660377358,1,8,3.7735849056603774,0,1,0.0,0.0,0,1,1,2,0,0,0,0,1,0,0,0,0,0,0,0,0,0,0.16666666666666666,বুনো ফুলের দেশ পুরাকালে যখন,2.75,0.4330127018922193,1,1.75,0.4330127018922193,1,2.0,0.0,0,1.0,0.0,0,1.875
202,mistralai_mistral-large-2512,Tripura,P082,Chittagong Hill Tracts,Human–Nature Relationship,2550,447,246,48,9.3125,0.5503355704697986,0.8805527638190954,0.3668903803131991,0.009009009009009009,0.6778523489932886,1,1,6.7114093959731544,0,1,0.0,0.0,0,0,0,1,0,0,0,1,1,0,0,0,0,0,0,0,0,0,0.2777777777777778,নদীর অভিশাপ ও বনের আশীর্বাদ,2.0,0.0,0,2.0,0.0,0,1.0,0.0,0,1.0,0.0,0,1.5
203,mistralai_mistral-large-2512,Tripura,P083,Chittagong Hill Tracts,Moral Transgression and Consequence,2786,463,268,66,7.015151515151516,0.5788336933045356,0.8943478260869565,0.39740820734341253,0.004347826086956522,0.6781857451403888,1,1,4.319654427645788,0,1,0.0,0.0,0,0,1,2,0,0,0,0,1,0,0,0,0,0,0,0,1,0,0.125,মুরাইং এর অভিশাপ ত্রিপুরা জনপদের,3.0,0.0,0,2.0,0.0,0,2.0,0.0,0,1.25,0.4330127018922193,1,2.0625
204,mistralai_mistral-large-2512,Tripura,P084,Chittagong Hill Tracts,Wisdom of an Elder,3195,558,275,75,7.44,0.492831541218638,0.8467976424361493,0.3172043010752688,0.0018018018018018018,0.6236559139784946,1,1,8.960573476702509,0,1,37.634408602150536,0.0,1,1,0,1,0,0,0,0,0,0,0,0,0,0,0,0,0,0,0.0,তীরন্দাজের স্বপ্ন ত্রিপুরা গ্রামের এক,2.0,0.0,0,2.25,0.4330127018922193,1,2.75,0.4330127018922193,1,1.0,0.0,0,2.0
205,mistralai_mistral-large-2512,Tripura,P085,Chittagong Hill Tracts,Community Crisis,2136,373,234,51,7.313725490196078,0.6273458445040214,0.8751851851851852,0.45308310991957107,0.0,0.6595174262734584,1,1,5.361930294906166,0,1,0.0,0.0,0,0,1,1,0,0,0,0,1,0,0,0,0,0,0,0,0,0,0.06666666666666667,তিন নদীর বাঁশি ত্রিপুরা জনপদের,1.25,0.4330127018922193,1,1.75,0.82915619758885,2,1.0,0.0,0,0.75,0.4330127018922193,1,1.1875
206,mistralai_mistral-large-2512,Tripura,P086,Chittagong Hill Tracts,Rite of Passage,2583,438,250,45,9.733333333333333,0.5707762557077626,0.8707969151670951,0.3904109589041096,0.004597701149425287,0.6872146118721462,1,5,9.132420091324201,0,1,0.0,0.0,0,0,2,1,0,0,0,0,2,0,0,0,0,0,0,0,0,0,0.125,ত্রিপুরার মেয়ের বিয়ের গান ত্রিপুরা,2.0,0.0,0,2.0,0.0,0,1.0,0.0,0,1.0,0.0,0,1.5
207,mistralai_mistral-large-2512,Tripura,P087,Chittagong Hill Tracts,Trickster or Clever Figure,3938,662,291,89,7.438202247191011,0.4395770392749245,0.8040783034257748,0.24169184290030213,0.013657056145675266,0.6616314199395771,1,1,3.0211480362537766,0,1,0.0,0.0,2,0,0,0,0,1,0,0,0,1,0,0,0,0,0,0,0,0,0.21428571428571427,বুদ্ধিমান খোক্কো ও লোভী রাজা,3.0,0.0,0,2.0,0.0,0,2.0,0.0,0,1.0,0.0,0,2.0
208,mistralai_mistral-large-2512,Tripura,P088,Chittagong Hill Tracts,Sacred or Forbidden Space,2998,517,269,55,9.4,0.5203094777562862,0.8598290598290598,0.3578336557059961,0.0,0.6092843326885881,1,10,23.21083172147002,0,1,0.0,0.0,1,0,0,1,0,0,0,0,0,0,0,0,0,0,0,0,0,0,0.15789473684210525,পাহাড়ের কান্না ত্রিপুরা জনপদের পশ্চিম,2.0,0.0,0,1.5,0.5,1,2.25,0.4330127018922193,1,1.25,0.4330127018922193,1,1.75
209,mistralai_mistral-large-2512,Tripura,P089,Chittagong Hill Tracts,Everyday Life Narrative,2473,424,236,46,9.217391304347826,0.5566037735849056,0.8669866666666667,0.375,0.004750593824228029,0.714622641509434,1,1,4.716981132075472,0,1,21.22641509433962,0.0,0,0,0,0,0,0,0,0,0,0,0,0,0,0,0,0,0,0,0.2,তালের রসের গল্প ত্রিপুরা গ্রামের,1.75,0.4330127018922193,1,3.5,0.8660254037844386,2,2.0,0.0,0,1.0,0.0,0,2.0625
210,mistralai_mistral-large-2512,Tripura,P090,Chittagong Hill Tracts,Change and Continuity,2412,424,249,46,9.217391304347826,0.5872641509433962,0.9095466666666666,0.41509433962264153,0.0023752969121140144,0.6698113207547169,1,1,4.716981132075472,0,1,0.0,0.0,0,0,0,1,0,0,0,0,0,0,0,0,0,0,0,0,0,0,0.4,বাঁশের বাঁশি ও পুরনো গান,2.75,0.4330127018922193,1,2.0,0.0,0,2.0,0.0,0,1.0,0.0,0,1.9375
211,mistralai_mistral-large-2512,Oraon (Kurukh),P091,North Bengal,Origin Story,3113,541,292,50,10.82,0.5397412199630314,0.829390243902439,0.36414048059149723,0.0037174721189591076,0.6524953789279113,1,11,7.393715341959335,0,1,0.0,0.0,0,0,1,2,0,0,0,2,2,1,1,0,0,0,0,0,0,0,0.16666666666666666,ধান ও অরণ্যের জন্মকথা পুরাকালে,2.0,0.0,0,1.25,0.4330127018922193,1,1.25,0.4330127018922193,1,1.25,0.4330127018922193,1,1.4375
212,mistralai_mistral-large-2512,Oraon (Kurukh),P092,North Bengal,Human–Nature Relationship,2610,472,249,50,9.44,0.527542372881356,0.8738534278959811,0.3241525423728814,0.0021321961620469083,0.6377118644067796,1,1,16.949152542372882,0,1,0.0,0.0,0,0,0,1,0,0,0,0,0,0,0,0,0,0,0,0,0,0,0.16666666666666666,নদীর অভিশাপ ও আশীর্বাদ ওঁরাওদের,3.0,0.0,0,2.0,0.0,0,2.0,0.0,0,0.75,0.4330127018922193,1,1.9375
213,mistralai_mistral-large-2512,Oraon (Kurukh),P093,North Bengal,Moral Transgression and Consequence,2500,438,245,58,7.551724137931035,0.5593607305936074,0.862159383033419,0.3858447488584475,0.006896551724137931,0.6575342465753424,1,1,4.566210045662101,0,1,0.0,0.0,0,0,1,1,0,0,0,0,0,1,1,0,0,0,0,0,0,0,0.125,শালগাছের অভিশাপ উরাঁওদের গ্রাম সরাইডিহা,2.0,0.0,0,2.0,0.0,0,2.0,0.0,0,1.0,0.0,0,1.75
214,mistralai_mistral-large-2512,Oraon (Kurukh),P094,North Bengal,Wisdom of an Elder,2693,482,265,65,7.415384615384616,0.549792531120332,0.8588452655889145,0.35892116182572614,0.0,0.6244813278008299,1,1,12.448132780082988,0,1,0.0,0.0,0,0,0,1,0,0,0,0,0,0,0,0,0,0,0,0,0,0,0.07692307692307693,বনের আওয়াজ বুড়ো ঠাকুরের কথা,2.0,0.0,0,2.0,0.0,0,1.0,0.0,0,1.0,0.0,0,1.5
215,mistralai_mistral-large-2512,Oraon (Kurukh),P095,North Bengal,Community Crisis,1733,298,191,41,7.2682926829268295,0.6409395973154363,0.9162248995983935,0.45302013422818793,0.0,0.674496644295302,1,1,6.7114093959731544,0,1,0.0,0.0,0,1,1,3,0,0,0,0,0,1,1,0,0,0,0,0,0,1,0.06666666666666667,শালগাছের ডাক উরাঁওদের গ্রাম সরনা,1.75,0.4330127018922193,1,2.0,0.0,0,3.5,0.8660254037844386,2,1.0,0.0,0,2.0625
216,mistralai_mistral-large-2512,Oraon (Kurukh),P096,North Bengal,Rite of Passage,2987,506,301,47,10.76595744680851,0.5948616600790514,0.8814004376367615,0.4308300395256917,0.003976143141153081,0.7055335968379447,1,1,37.54940711462451,0,1,0.0,0.0,0,0,1,1,0,1,0,0,0,2,1,0,0,0,0,0,0,0,0.25,বীরের মুকুট সূর্য যখন পশ্চিম,2.0,0.0,0,2.0,0.0,0,2.0,0.0,0,1.0,0.0,0,1.75
217,mistralai_mistral-large-2512,Oraon (Kurukh),P097,North Bengal,Trickster or Clever Figure,4998,899,297,107,8.401869158878505,0.3303670745272525,0.7976000000000001,0.17686318131256953,0.056919642857142856,0.6095661846496107,1,1,0.0,0,1,1.1123470522803114,0.0,0,1,0,0,0,1,0,0,0,1,0,0,0,0,0,0,0,0,0.21428571428571427,শিয়াল আর বাঘের বিচার বহুকাল,2.0,0.0,0,2.0,0.0,0,2.0,0.0,0,1.0,0.0,0,1.75
218,mistralai_mistral-large-2512,Oraon (Kurukh),P098,North Bengal,Sacred or Forbidden Space,2223,384,219,48,8.0,0.5703125,0.8625671641791044,0.3854166666666667,0.0,0.6223958333333334,1,1,2.6041666666666665,0,1,0.0,0.0,1,0,1,1,0,0,0,0,0,1,1,0,0,0,0,0,0,0,0.10526315789473684,পাহাড়ের কান্না উরাঁওদের গ্রাম সরনা,2.0,0.0,0,2.0,0.0,0,1.0,0.0,0,1.0,0.0,0,1.5
219,mistralai_mistral-large-2512,Oraon (Kurukh),P099,North Bengal,Everyday Life Narrative,3335,586,322,56,10.464285714285714,0.5494880546075085,0.8681191806331471,0.3839590443686007,0.0017152658662092624,0.7081911262798635,1,1,20.477815699658702,0,1,0.0,0.0,0,0,0,2,0,0,0,1,1,0,0,0,0,0,0,0,0,1,0.13333333333333333,বাঁশের বাঁশি ও ধানের গান,1.25,0.4330127018922193,1,2.25,1.0897247358851685,3,2.0,0.0,0,1.0,0.0,0,1.625
220,mistralai_mistral-large-2512,Oraon (Kurukh),P100,North Bengal,Change and Continuity,2896,514,261,72,7.138888888888889,0.5077821011673151,0.8729032258064515,0.3132295719844358,0.0,0.6614785992217899,1,1,5.836575875486381,0,1,0.0,0.0,0,0,0,1,0,0,0,0,0,0,0,0,0,0,0,0,1,0,0.1,মাটির ঘ্রাণ উরাঁও গ্রামের পশ্চিম,2.0,0.0,0,2.0,0.0,0,1.75,0.4330127018922193,1,1.0,0.0,0,1.6875
221,mistralai_mistral-large-2512,Hajong,P101,Mymensingh,Origin Story,3061,543,273,60,9.05,0.5027624309392266,0.8255870445344129,0.32228360957642727,0.022222222222222223,0.6353591160220995,1,1,18.41620626151013,0,1,1.8416206261510129,0.0,0,1,0,2,0,0,0,0,0,0,0,0,0,0,0,0,0,0,0.2222222222222222,হাজংদের মাটির জন্মকথা পুরাকালে যখন,3.0,0.0,0,2.0,0.0,0,1.75,0.4330127018922193,1,1.0,0.0,0,1.9375
222,mistralai_mistral-large-2512,Hajong,P102,Mymensingh,Human–Nature Relationship,2333,429,216,60,7.15,0.5034965034965035,0.8373684210526315,0.32167832167832167,0.011737089201877934,0.6456876456876457,1,2,4.662004662004662,0,1,0.0,0.0,1,1,1,1,0,0,0,0,1,0,0,0,0,0,0,0,0,0,0.16666666666666666,নদীর অভিশাপ ও হাজং মায়ের,2.25,0.4330127018922193,1,2.0,0.0,0,2.5,0.8660254037844386,2,1.25,0.4330127018922193,1,2.0
223,mistralai_mistral-large-2512,Hajong,P103,Mymensingh,Moral Transgression and Consequence,2900,518,281,61,8.491803278688524,0.5424710424710425,0.8821321961620469,0.34555984555984554,0.009708737864077669,0.6988416988416989,1,1,1.9305019305019304,0,1,0.0,0.0,2,0,1,1,0,0,0,0,1,0,0,0,0,0,0,0,0,0,0.125,হাজং মায়ের অভিশাপ মধুপুরের ঘন,2.0,0.0,0,2.0,0.0,0,1.75,0.4330127018922193,1,1.0,0.0,0,1.6875
224,mistralai_mistral-large-2512,Hajong,P104,Mymensingh,Wisdom of an Elder,3150,551,292,66,8.348484848484848,0.52994555353902,0.8912350597609562,0.33575317604355714,0.0036496350364963502,0.6642468239564429,1,1,1.8148820326678765,0,1,0.0,0.0,1,1,0,1,0,0,0,0,0,0,0,0,0,0,0,0,0,0,0.15384615384615385,হাজং মায়ের আশীর্বাদ সূর্য পশ্চিমের,1.75,0.4330127018922193,1,3.25,0.82915619758885,2,1.75,0.4330127018922193,1,1.0,0.0,0,1.9375
225,mistralai_mistral-large-2512,Hajong,P105,Mymensingh,Community Crisis,3128,534,285,80,6.675,0.5337078651685393,0.8630515463917525,0.36704119850187267,0.0,0.6797752808988764,1,1,1.8726591760299625,0,1,0.0,0.0,0,1,1,3,0,0,0,0,1,0,0,0,0,0,0,0,0,0,0.0,হাজংদের বৃষ্টির ডাক মেঘালয় পাহাড়ের,2.0,0.0,0,1.0,0.0,0,1.5,0.8660254037844386,2,1.25,0.4330127018922193,1,1.4375
226,mistralai_mistral-large-2512,Hajong,P106,Mymensingh,Rite of Passage,2258,400,222,48,8.333333333333334,0.555,0.8770940170940171,0.355,0.005037783375314861,0.735,1,1,15.0,0,1,0.0,0.0,0,0,0,0,0,0,0,0,0,0,0,0,0,0,0,0,0,0,0.0,হাজং মেয়ের বিয়ের গান সূর্য,3.0,0.0,0,2.0,0.0,0,2.0,0.0,0,1.25,0.4330127018922193,1,2.0625
227,mistralai_mistral-large-2512,Hajong,P107,Mymensingh,Trickster or Clever Figure,2660,454,219,65,6.984615384615385,0.48237885462555063,0.7864691358024691,0.3039647577092511,0.013303769401330377,0.6343612334801763,1,2,0.0,0,1,0.0,0.0,1,1,0,0,0,1,0,0,0,1,0,0,0,0,0,0,0,0,0.07142857142857142,হাজং মায়ের বুদ্ধি পুরনো কালের,2.25,0.4330127018922193,1,2.0,0.0,0,2.0,0.0,0,1.75,1.299038105676658,3,2.0
228,mistralai_mistral-large-2512,Hajong,P108,Mymensingh,Sacred or Forbidden Space,3847,673,326,87,7.735632183908046,0.48439821693907875,0.8736858974358973,0.274888558692422,0.03283582089552239,0.6463595839524517,1,4,5.943536404160476,0,1,0.0,0.0,2,0,0,1,0,0,0,0,0,0,0,0,0,0,0,0,0,0,0.15789473684210525,হাজংদের পাহাড় নিষিদ্ধ চূড়ার গল্প,2.0,0.0,0,2.25,0.4330127018922193,1,2.25,0.4330127018922193,1,0.75,0.4330127018922193,1,1.8125
229,mistralai_mistral-large-2512,Hajong,P109,Mymensingh,Everyday Life Narrative,2029,349,221,40,8.725,0.6332378223495702,0.9049333333333334,0.44412607449856734,0.005780346820809248,0.7106017191977078,1,1,11.461318051575931,0,1,0.0,0.0,1,1,0,2,0,0,0,0,0,0,0,0,0,0,0,0,0,0,0.0,মেঘের দেশের ধান হাজং গ্রামের,2.0,0.0,0,1.75,0.4330127018922193,1,2.0,0.0,0,1.0,0.0,0,1.6875
230,mistralai_mistral-large-2512,Hajong,P110,Mymensingh,Change and Continuity,3560,603,298,70,8.614285714285714,0.494195688225539,0.8527436823104694,0.3167495854063018,0.01,0.6865671641791045,1,1,16.58374792703151,0,1,0.0,0.0,0,0,1,1,0,0,0,0,1,0,0,0,0,0,0,0,0,0,0.1,হাজং মায়ের বাতি আদি কালের,3.0,0.0,0,3.0,0.0,0,2.0,0.0,0,1.0,0.0,0,2.25
231,mistralai_mistral-large-2512,Rakhine,P111,"Cox's Bazar, coastal areas",Origin Story,2186,382,239,42,9.095238095238095,0.6256544502617801,0.868108108108108,0.4397905759162304,0.0,0.6989528795811518,1,1,15.706806282722512,0,1,0.0,0.0,0,0,1,0,0,0,0,0,0,1,1,0,0,0,0,0,0,0,0.1111111111111111,রাখাইনের জলের গান প্রাচীন কালের,3.0,0.0,0,3.0,0.0,0,3.0,0.0,0,2.0,0.0,0,2.75
232,mistralai_mistral-large-2512,Rakhine,P112,"Cox's Bazar, coastal areas",Human–Nature Relationship,2072,382,203,43,8.883720930232558,0.5314136125654451,0.865945945945946,0.34554973821989526,0.0158311345646438,0.6780104712041884,1,5,13.089005235602095,0,1,0.0,0.0,0,0,0,2,0,0,0,0,0,0,0,0,0,0,0,0,0,0,0.16666666666666666,নদীর অভিশাপ ও আশীর্বাদ রাখাইন,1.0,0.0,0,1.25,0.4330127018922193,1,1.0,0.0,0,1.0,0.0,0,1.0625
233,mistralai_mistral-large-2512,Rakhine,P113,"Cox's Bazar, coastal areas",Moral Transgression and Consequence,3107,545,284,52,10.48076923076923,0.5211009174311927,0.884516129032258,0.3467889908256881,0.0036900369003690036,0.6660550458715596,1,1,11.009174311926605,0,1,0.0,0.0,0,1,1,0,0,0,0,0,0,1,1,0,0,0,0,0,1,0,0.0625,শঙ্খের অভিশাপ রাখাইন পল্লীর ধারে,2.25,0.4330127018922193,1,2.0,0.0,0,1.0,0.0,0,2.0,0.0,0,1.8125
234,mistralai_mistral-large-2512,Rakhine,P114,"Cox's Bazar, coastal areas",Wisdom of an Elder,3112,572,274,70,8.17142857142857,0.479020979020979,0.8255066921606119,0.3146853146853147,0.0035149384885764497,0.5804195804195804,1,1,8.741258741258742,0,1,0.0,0.0,0,1,0,0,0,0,0,0,0,0,0,0,0,0,0,0,0,0,0.07692307692307693,রাখাইন মাঝির গান কক্সবাজারের উপকূল,2.0,0.0,0,2.0,0.0,0,2.5,0.8660254037844386,2,1.25,0.4330127018922193,1,1.9375
235,mistralai_mistral-large-2512,Rakhine,P115,"Cox's Bazar, coastal areas",Community Crisis,2461,426,236,45,9.466666666666667,0.5539906103286385,0.8424933687002653,0.3873239436619718,0.0,0.6150234741784038,1,1,9.389671361502348,0,1,0.0,0.0,0,1,1,1,0,0,0,0,0,1,1,0,0,0,0,0,0,0,0.06666666666666667,রাখাইন গ্রামের বৃষ্টির গান রাখাইন,2.0,0.0,0,1.0,0.0,0,1.0,0.0,0,1.0,0.0,0,1.25
236,mistralai_mistral-large-2512,Rakhine,P116,"Cox's Bazar, coastal areas",Rite of Passage,3221,536,310,42,12.761904761904763,0.5783582089552238,0.9057494866529775,0.39552238805970147,0.0075046904315197,0.6865671641791045,1,1,29.850746268656717,0,1,0.0,0.0,0,0,0,1,0,0,0,0,0,0,0,0,0,0,0,0,0,0,0.1875,রাখাইন মেয়ের বিয়ের গান কক্সবাজারের,3.0,0.0,0,2.25,0.4330127018922193,1,1.75,0.4330127018922193,1,2.0,0.0,0,2.25
237,mistralai_mistral-large-2512,Rakhine,P117,"Cox's Bazar, coastal areas",Trickster or Clever Figure,2140,384,184,45,8.533333333333333,0.4791666666666667,0.816955223880597,0.2682291666666667,0.03674540682414698,0.6041666666666666,1,4,7.8125,0,1,0.0,0.0,0,1,0,0,0,1,0,0,1,0,0,0,0,0,0,0,0,0,0.21428571428571427,শিয়ালের বুদ্ধি ও বাঘের অহংকার,4.5,0.8660254037844386,2,1.25,0.4330127018922193,1,2.0,0.0,0,1.0,0.0,0,2.1875
238,mistralai_mistral-large-2512,Rakhine,P118,"Cox's Bazar, coastal areas",Sacred or Forbidden Space,2270,397,229,39,10.179487179487179,0.5768261964735516,0.8660344827586207,0.3904282115869018,0.005076142131979695,0.6876574307304786,1,1,17.632241813602015,0,1,0.0,0.0,1,0,0,0,0,0,0,1,0,1,0,0,0,0,0,0,0,0,0.15789473684210525,পবিত্র পাথরের গল্প রাখাইন গ্রামের,2.25,0.4330127018922193,1,1.0,0.0,0,1.25,0.4330127018922193,1,2.0,0.0,0,1.625
239,mistralai_mistral-large-2512,Rakhine,P119,"Cox's Bazar, coastal areas",Everyday Life Narrative,2522,479,251,63,7.603174603174603,0.524008350730689,0.8783720930232558,0.32150313152400833,0.0021008403361344537,0.7014613778705637,1,1,2.0876826722338206,0,1,0.0,0.0,0,0,0,1,0,0,0,0,0,0,0,0,0,0,0,0,0,0,0.13333333333333333,মাছের বউ রাখাইন পল্লীর কিনারায়,3.0,0.0,0,1.0,0.0,0,2.0,0.0,0,1.0,0.0,0,1.75
240,mistralai_mistral-large-2512,Rakhine,P120,"Cox's Bazar, coastal areas",Change and Continuity,2920,514,303,53,9.69811320754717,0.5894941634241245,0.8770322580645161,0.4046692607003891,0.005870841487279843,0.7120622568093385,1,1,11.673151750972762,0,1,1.9455252918287937,0.0,1,0,0,1,0,0,0,0,0,0,0,0,0,0,0,0,0,0,0.1,রাখাইন মায়ের বাতি কক্সবাজারের ধলঘাটা,1.75,0.4330127018922193,1,2.75,1.299038105676658,3,2.0,0.0,0,1.25,0.4330127018922193,1,1.9375
241,openai_gpt-5-mini,Bengali,P001,Bangladesh-Scoped,Origin Story,3183,561,361,34,16.5,0.64349376114082,0.912734375,0.45989304812834225,0.0,0.7308377896613191,0,0,33.8680926916221,0,1,8.9126559714795,0.0,1,0,2,0,0,0,0,0,2,0,0,0,0,0,0,0,0,0,0.2222222222222222,কথিত আছে আগে কোথাও গ্রাম,2.0,0.0,0,2.0,0.0,0,1.25,0.4330127018922193,1,1.0,0.0,0,1.5625
242,openai_gpt-5-mini,Bengali,P002,Bangladesh-Scoped,Human–Nature Relationship,3367,610,398,38,16.05263157894737,0.6524590163934426,0.9272727272727274,0.49508196721311476,0.0,0.7229508196721312,0,0,40.98360655737705,0,1,0.0,0.0,0,0,1,2,0,0,0,0,1,0,0,0,0,0,0,0,0,0,0.3888888888888889,নদীটি ছিল গ্রামের মাঝখানে আর্তনাদী,3.0,0.0,0,2.0,0.0,0,1.25,0.4330127018922193,1,1.25,0.4330127018922193,1,1.875
243,openai_gpt-5-mini,Bengali,P003,Bangladesh-Scoped,Moral Transgression and Consequence,3628,629,438,41,15.341463414634147,0.6963434022257552,0.947655172413793,0.5580286168521462,0.0,0.7297297297297297,0,0,41.33545310015898,0,1,3.179650238473768,0.0,0,0,2,1,0,0,0,0,2,0,0,0,0,0,0,0,0,0,0.25,একটি পাতগাছ ছায়ার গ্রাম ছিল,2.0,0.0,0,2.0,0.0,0,2.0,0.0,0,1.0,0.0,0,1.75
244,openai_gpt-5-mini,Bengali,P004,Bangladesh-Scoped,Wisdom of an Elder,3519,635,387,42,15.119047619047619,0.6094488188976378,0.896245733788396,0.4440944881889764,0.0015822784810126582,0.6913385826771653,0,0,31.496062992125985,0,1,17.322834645669293,0.0,0,0,0,1,0,0,0,0,0,0,0,0,0,0,0,0,0,1,0.23076923076923078,বহু বছর আগে একটি নদীর,3.0,0.0,0,2.0,0.0,0,1.75,0.4330127018922193,1,1.25,0.4330127018922193,1,2.0
245,openai_gpt-5-mini,Bengali,P005,Bangladesh-Scoped,Community Crisis,3547,628,414,39,16.102564102564102,0.6592356687898089,0.9292227979274611,0.49522292993630573,0.0,0.7229299363057324,0,0,39.80891719745223,0,1,0.0,0.0,0,0,1,1,0,0,0,0,1,0,0,0,0,0,0,0,1,1,0.13333333333333333,এক গ্রাম ছিল নদীর ধারে,3.0,0.0,0,1.75,0.4330127018922193,1,2.0,0.0,0,1.0,0.0,0,1.9375
246,openai_gpt-5-mini,Bengali,P006,Bangladesh-Scoped,Rite of Passage,3443,605,405,32,18.90625,0.6694214876033058,0.9345323741007194,0.4925619834710744,0.0,0.743801652892562,0,0,44.62809917355372,0,1,8.264462809917354,0.0,0,0,1,1,0,0,0,0,1,0,0,0,0,0,0,0,0,2,0.0,গ্রামটির নাম ফেলো নেই সব,2.0,0.0,0,2.0,0.0,0,2.0,0.0,0,1.0,0.0,0,1.75
247,openai_gpt-5-mini,Bengali,P007,Bangladesh-Scoped,Trickster or Clever Figure,3747,662,418,53,12.49056603773585,0.6314199395770392,0.9223491027732463,0.4954682779456193,0.0,0.6948640483383686,0,0,30.211480362537763,0,1,15.105740181268882,0.0,1,0,0,0,0,0,0,0,0,0,0,0,0,0,0,0,0,0,0.14285714285714285,শোনো শোনো এক আখ্যান শুনি,1.0,0.0,0,0.75,0.4330127018922193,1,0.75,0.4330127018922193,1,0.75,0.4330127018922193,1,0.8125
248,openai_gpt-5-mini,Bengali,P008,Bangladesh-Scoped,Sacred or Forbidden Space,3131,562,379,38,14.789473684210526,0.6743772241992882,0.9176608187134503,0.5338078291814946,0.0,0.6832740213523132,0,0,17.793594306049823,0,1,0.0,0.0,0,0,0,0,0,0,0,0,0,0,0,0,0,0,0,0,0,0,0.21052631578947367,শুনেছেন কি আমাদের পাড়ার ভেতরে,2.0,0.0,0,2.0,0.0,0,1.25,0.4330127018922193,1,1.75,0.4330127018922193,1,1.75
249,openai_gpt-5-mini,Bengali,P009,Bangladesh-Scoped,Everyday Life Narrative,3098,544,373,35,15.542857142857143,0.6856617647058824,0.9411313131313132,0.5238970588235294,0.0,0.7628676470588235,0,0,45.955882352941174,0,1,18.38235294117647,0.0,0,0,0,0,0,0,0,0,0,0,0,0,0,0,0,0,0,0,0.4,শোনা আমাদের গ্রামে শীত এসে,1.75,0.4330127018922193,1,1.0,0.0,0,1.0,0.0,0,1.0,0.0,0,1.1875
250,openai_gpt-5-mini,Bengali,P010,Bangladesh-Scoped,Change and Continuity,3222,573,380,39,14.692307692307692,0.6631762652705061,0.9046564885496183,0.5113438045375218,0.0,0.743455497382199,0,0,47.12041884816754,0,1,13.961605584642234,0.0,0,0,0,1,0,0,0,0,0,0,0,0,0,0,0,0,0,1,0.3,নদীর বাঁকে গজিয়ে উঠা এক,3.0,0.0,0,2.0,0.0,0,2.0,0.0,0,1.0,0.0,0,2.0
251,openai_gpt-5-mini,Chakma,P011,Chittagong Hill Tracts,Origin Story,3608,625,406,34,18.38235294117647,0.6496,0.934548611111111,0.4704,0.0,0.7232,0,0,33.6,0,1,3.2,0.0,0,0,0,0,0,0,0,0,0,0,0,0,0,0,0,0,0,1,0.2222222222222222,বহু পুরাতন সময়ের কথা পাহাড়,2.0,0.0,0,2.0,0.0,0,2.5,1.5,4,1.0,0.0,0,1.875
252,openai_gpt-5-mini,Chakma,P012,Chittagong Hill Tracts,Human–Nature Relationship,3076,544,343,40,13.6,0.6305147058823529,0.9265050505050505,0.45036764705882354,0.0,0.7389705882352942,0,0,36.76470588235294,0,1,0.0,0.0,0,1,0,1,0,0,0,0,0,0,0,0,0,0,0,0,0,0,0.5555555555555556,পাহাড়ের পা বেয়ে গড়িয়ে নামা,2.0,0.0,0,1.25,0.4330127018922193,1,1.5,0.8660254037844386,2,2.0,0.0,0,1.6875
253,openai_gpt-5-mini,Chakma,P013,Chittagong Hill Tracts,Moral Transgression and Consequence,3396,590,392,41,14.390243902439025,0.6644067796610169,0.9080961182994455,0.5084745762711864,0.0,0.6779661016949152,0,0,37.28813559322034,0,1,10.169491525423728,0.0,1,1,0,2,1,0,0,0,0,1,0,0,0,0,0,0,0,0,0.0625,শোনো শোনো পাহাড়ের সেই গ্রামটির,2.0,0.0,0,2.0,0.0,0,2.0,0.0,0,2.0,0.0,0,2.0
254,openai_gpt-5-mini,Chakma,P014,Chittagong Hill Tracts,Wisdom of an Elder,3827,663,414,45,14.733333333333333,0.6244343891402715,0.9230618892508143,0.4555052790346908,0.0,0.7073906485671192,0,0,25.641025641025642,0,1,0.0,0.0,1,0,0,1,0,0,0,0,0,0,0,0,0,0,0,0,0,0,0.23076923076923078,বিজুর বিকেলে পাড়া জুড়ে ধোঁয়ার,3.0,0.0,0,2.0,0.0,0,2.0,0.0,0,1.0,0.0,0,2.0
255,openai_gpt-5-mini,Chakma,P015,Chittagong Hill Tracts,Community Crisis,3687,628,426,38,16.526315789473685,0.678343949044586,0.9327806563039724,0.5207006369426752,0.0,0.7308917197452229,0,0,33.439490445859875,0,1,0.0,0.0,0,0,0,0,0,0,0,0,0,0,0,0,0,0,0,0,0,1,0.06666666666666667,পাহাড়ের কোলঝোড় এক গ্রাম ছিল,3.0,0.0,0,2.0,0.0,0,2.0,0.0,0,1.0,0.0,0,2.0
256,openai_gpt-5-mini,Chakma,P016,Chittagong Hill Tracts,Rite of Passage,3280,564,369,34,16.58823529411765,0.6542553191489362,0.9339805825242719,0.48936170212765956,0.0,0.7074468085106383,0,0,30.141843971631207,1,1,8.865248226950355,0.0,0,1,0,0,0,0,0,0,0,0,0,0,0,0,0,0,0,0,0.375,হিলের বুকে মোড়ানো একটি ছোট,3.0,0.0,0,2.0,0.0,0,3.5,0.8660254037844386,2,1.0,0.0,0,2.375
257,openai_gpt-5-mini,Chakma,P017,Chittagong Hill Tracts,Trickster or Clever Figure,3613,669,363,49,13.653061224489797,0.5426008968609866,0.8669354838709677,0.38863976083707025,0.0,0.695067264573991,0,0,26.905829596412556,0,1,0.0,0.0,1,0,0,0,0,1,0,0,1,0,0,0,0,0,0,0,0,0,0.21428571428571427,শোনো শোনো পাহাড়ের হাওয়া কেমন,2.0,0.0,0,1.0,0.0,0,1.0,0.0,0,1.25,0.4330127018922193,1,1.3125
258,openai_gpt-5-mini,Chakma,P018,Chittagong Hill Tracts,Sacred or Forbidden Space,3331,586,383,41,14.292682926829269,0.6535836177474402,0.9199627560521415,0.48293515358361777,0.0,0.6621160409556314,0,0,29.01023890784983,0,1,0.0,0.0,1,0,0,0,0,0,0,0,0,0,0,0,0,0,0,0,0,0,0.3684210526315789,শোনো সোনা এই পাহাড়ের পায়ে,2.0,0.0,0,1.0,0.0,0,1.0,0.0,0,1.0,0.0,0,1.25
259,openai_gpt-5-mini,Chakma,P019,Chittagong Hill Tracts,Everyday Life Narrative,3119,543,378,37,14.675675675675675,0.6961325966850829,0.9254655870445344,0.5211786372007366,0.0,0.7440147329650092,0,0,34.99079189686925,0,1,0.0,0.0,1,0,0,0,0,0,0,0,0,0,0,0,0,0,0,0,0,0,0.13333333333333333,শোনো এক কথা বলি আমাদের,3.0,0.0,0,2.0,0.0,0,2.0,0.0,0,1.0,0.0,0,2.0
260,openai_gpt-5-mini,Chakma,P020,Chittagong Hill Tracts,Change and Continuity,2914,512,332,24,21.333333333333332,0.6484375,0.9128725701943845,0.46875,0.0,0.748046875,0,0,35.15625,0,1,0.0,0.0,1,0,0,0,0,0,0,0,0,0,0,0,0,0,0,0,0,0,0.5,হিলের বুক ঘেঁষে বাঁশবনে ঘেরা,2.0,0.0,0,2.0,0.0,0,1.0,0.0,0,2.25,0.82915619758885,2,1.8125
261,openai_gpt-5-mini,Marma,P021,Chittagong Hill Tracts,Origin Story,3270,570,371,29,19.655172413793103,0.6508771929824562,0.9319769673704414,0.48947368421052634,0.0,0.6877192982456141,0,0,35.08771929824562,0,1,12.280701754385966,0.0,0,0,0,2,0,0,0,0,0,0,0,0,0,0,0,0,0,0,0.2777777777777778,পুরোনো কথা শুনো হেথার পাহাড়,3.0,0.0,0,1.25,0.4330127018922193,1,2.0,0.0,0,1.0,0.0,0,1.8125
262,openai_gpt-5-mini,Marma,P022,Chittagong Hill Tracts,Human–Nature Relationship,3519,631,407,45,14.022222222222222,0.6450079239302694,0.9203780068728522,0.4960380348652932,0.0,0.7606973058637084,0,0,31.695721077654518,0,1,0.0,0.0,0,1,0,1,0,0,0,0,0,0,0,0,0,0,0,0,0,0,0.3333333333333333,বলে চলি পুরোনো এক বেলায়,2.0,0.0,0,1.0,0.0,0,1.0,0.0,0,1.0,0.0,0,1.25
263,openai_gpt-5-mini,Marma,P023,Chittagong Hill Tracts,Moral Transgression and Consequence,3474,586,391,40,14.65,0.6672354948805461,0.9163873370577281,0.5068259385665529,0.0,0.7098976109215017,0,0,34.129692832764505,13,1,0.0,0.0,0,1,2,1,0,2,0,0,2,2,2,0,0,0,0,0,0,0,0.125,পাহাড়ের নীচে নদীর পাশে বোনা,2.0,0.0,0,2.0,0.0,0,1.0,0.0,0,1.0,0.0,0,1.5
264,openai_gpt-5-mini,Marma,P024,Chittagong Hill Tracts,Wisdom of an Elder,3555,607,384,42,14.452380952380953,0.6326194398682042,0.9240501792114696,0.46622734761120266,0.0,0.6820428336079077,0,0,36.24382207578254,0,1,0.0,0.0,1,0,0,2,0,0,0,0,0,0,0,0,0,0,0,0,0,0,0.3076923076923077,পাহাড়ের ঢালে বয়ে যাওয়া নদীর,2.25,0.4330127018922193,1,2.0,0.0,0,1.75,0.4330127018922193,1,1.0,0.0,0,1.75
265,openai_gpt-5-mini,Marma,P025,Chittagong Hill Tracts,Community Crisis,3192,538,377,31,17.35483870967742,0.7007434944237918,0.9265439672801635,0.5427509293680297,0.0,0.7509293680297398,0,0,18.587360594795538,0,1,5.5762081784386615,0.0,0,0,1,0,0,3,0,0,3,1,1,0,0,0,0,0,0,1,0.0,এক পাহাড়ের কোলে মায়াবী বনের,2.0,0.0,0,1.5,0.5,1,1.0,0.0,0,1.0,0.0,0,1.375
266,openai_gpt-5-mini,Marma,P026,Chittagong Hill Tracts,Rite of Passage,4033,673,446,34,19.794117647058822,0.662704309063893,0.9470512820512821,0.5141158989598811,0.0,0.7147102526002972,0,0,41.60475482912333,1,1,4.457652303120357,0.0,0,0,0,0,0,0,0,0,0,0,0,0,0,0,0,0,0,0,0.25,গ্রামের পালের পাদদেশে নীল বান্দরের,3.5,0.5,1,1.0,0.0,0,1.75,0.4330127018922193,1,1.0,0.0,0,1.8125
267,openai_gpt-5-mini,Marma,P027,Chittagong Hill Tracts,Trickster or Clever Figure,2905,520,352,33,15.757575757575758,0.676923076923077,0.9250106157112526,0.5173076923076924,0.0,0.7269230769230769,0,0,28.846153846153847,0,1,1.9230769230769231,0.0,0,1,0,0,0,1,0,0,1,0,0,0,0,0,0,0,0,0,0.14285714285714285,বাঁশঝাড় আর উঁচু পাহাড়ের কোলে,1.75,0.4330127018922193,1,2.0,0.0,0,2.0,0.0,0,1.25,0.4330127018922193,1,1.75
268,openai_gpt-5-mini,Marma,P028,Chittagong Hill Tracts,Sacred or Forbidden Space,3578,616,394,39,15.794871794871796,0.6396103896103896,0.9231746031746031,0.4788961038961039,0.0,0.672077922077922,0,0,25.974025974025974,0,1,0.0,0.0,0,0,0,1,0,0,0,0,0,0,0,0,0,0,0,0,0,1,0.47368421052631576,অনেক প্রজন্মের আগে নদীর বাঁকে,1.75,0.4330127018922193,1,2.0,0.0,0,2.0,0.0,0,1.5,0.8660254037844386,2,1.8125
269,openai_gpt-5-mini,Marma,P029,Chittagong Hill Tracts,Everyday Life Narrative,3301,587,401,36,16.305555555555557,0.6831345826235093,0.9375092936802973,0.5127768313458262,0.0017123287671232876,0.7427597955706985,0,0,35.77512776831346,3,1,11.925042589437819,0.0,0,1,0,0,0,0,0,0,0,0,0,0,0,0,0,0,0,0,0.2,এক সময়ের কথা টিলের মধ্যবর্তী,2.0,0.0,0,2.5,0.5,1,2.0,0.0,0,1.0,0.0,0,1.875
270,openai_gpt-5-mini,Marma,P030,Chittagong Hill Tracts,Change and Continuity,3154,550,359,32,17.1875,0.6527272727272727,0.913812375249501,0.49454545454545457,0.0,0.7163636363636363,0,0,45.45454545454545,0,1,0.0,0.0,1,1,0,1,0,0,0,0,0,0,0,0,0,0,0,0,0,0,0.5,শোনো শোনো বনের ঢেউ আর,1.75,0.4330127018922193,1,2.0,0.0,0,2.0,0.0,0,1.0,0.0,0,1.6875
271,openai_gpt-5-mini,Santal,P031,"Rajshahi, Rangpur, northwestern plains",Origin Story,3151,573,371,37,15.486486486486486,0.6474694589877836,0.8961832061068703,0.48342059336823734,0.0,0.6631762652705061,0,0,31.413612565445025,0,1,3.4904013961605584,0.0,1,0,1,1,0,0,0,1,1,1,1,0,0,0,0,0,0,0,0.3333333333333333,শোনো শোনো এক পুরোনো কথা,2.0,0.0,0,2.0,0.0,0,2.5,0.8660254037844386,2,1.0,0.0,0,1.875
272,openai_gpt-5-mini,Santal,P032,"Rajshahi, Rangpur, northwestern plains",Human–Nature Relationship,3492,619,376,45,13.755555555555556,0.6074313408723748,0.9033333333333333,0.4604200323101777,0.0,0.7092084006462036,0,0,43.61873990306947,0,1,0.0,0.0,1,1,0,1,0,0,0,0,0,0,0,0,0,0,0,0,1,1,0.3888888888888889,শোনো আমি তোমাকে এক জনপদের,2.5,0.8660254037844386,2,2.0,0.0,0,2.0,0.7071067811865476,2,1.0,0.0,0,1.875
273,openai_gpt-5-mini,Santal,P033,"Rajshahi, Rangpur, northwestern plains",Moral Transgression and Consequence,3336,567,385,41,13.829268292682928,0.6790123456790124,0.9271428571428572,0.5202821869488536,0.0,0.7477954144620811,0,0,22.92768959435626,0,1,7.054673721340388,0.0,0,1,0,0,0,0,0,1,1,0,0,0,0,0,0,0,0,0,0.0625,পাগলা জাহেরের ধারে চারে ঢেকে,2.0,0.0,0,2.25,0.4330127018922193,1,2.0,0.0,0,2.0,0.0,0,2.0625
274,openai_gpt-5-mini,Santal,P034,"Rajshahi, Rangpur, northwestern plains",Wisdom of an Elder,3141,555,385,51,10.882352941176471,0.6936936936936937,0.9368379446640317,0.5315315315315315,0.0,0.7135135135135136,0,0,45.04504504504504,2,1,0.0,0.0,0,0,0,1,0,0,0,0,0,0,0,0,0,0,0,0,0,0,0.3076923076923077,পবিত্র বন আর ধানের ক্ষেতে,2.0,0.0,0,1.0,0.0,0,1.0,0.0,0,1.0,0.0,0,1.25
275,openai_gpt-5-mini,Santal,P035,"Rajshahi, Rangpur, northwestern plains",Community Crisis,3075,538,377,35,15.371428571428572,0.7007434944237918,0.9475664621676891,0.5371747211895911,0.0,0.7063197026022305,0,0,42.75092936802974,1,1,14.869888475836431,0.0,1,0,0,1,0,0,0,0,0,0,0,0,0,0,0,0,0,0,0.2,শোনো কহে লোকরা আমাদের পাহাড়,3.0,0.0,0,1.75,0.4330127018922193,1,2.0,0.0,0,2.0,0.0,0,2.1875
276,openai_gpt-5-mini,Santal,P036,"Rajshahi, Rangpur, northwestern plains",Rite of Passage,3331,558,379,47,11.872340425531915,0.6792114695340502,0.923614931237721,0.525089605734767,0.0,0.7222222222222222,0,0,30.46594982078853,0,1,5.376344086021505,0.0,1,0,0,0,0,0,0,1,1,0,0,0,0,0,0,0,0,0,0.125,গ্রামের ভোরটা ধীরে জেগে ওঠে,2.0,0.0,0,2.0,0.0,0,1.75,0.4330127018922193,1,1.0,0.0,0,1.6875
277,openai_gpt-5-mini,Santal,P037,"Rajshahi, Rangpur, northwestern plains",Trickster or Clever Figure,3139,538,378,36,14.944444444444445,0.7026022304832714,0.9286298568507158,0.5520446096654275,0.0,0.7695167286245354,0,0,37.174721189591075,0,1,3.717472118959108,0.0,1,0,0,0,0,1,0,1,1,1,0,0,0,0,0,0,0,0,0.42857142857142855,অরণ্যের ধারেই এক সাঁওতাল গ্রাম,2.0,0.0,0,2.0,0.0,0,1.0,0.0,0,1.0,0.0,0,1.5
278,openai_gpt-5-mini,Santal,P038,"Rajshahi, Rangpur, northwestern plains",Sacred or Forbidden Space,3147,535,361,32,16.71875,0.6747663551401869,0.9276543209876543,0.5158878504672897,0.0,0.7345794392523365,0,0,37.38317757009346,0,1,0.0,0.0,0,0,0,0,0,0,0,1,1,0,0,0,0,0,0,0,1,0,0.42105263157894735,কথা আছে জঙ্গলের ধারে নদীর,2.0,0.0,0,1.5,0.5,1,1.0,0.0,0,1.25,0.4330127018922193,1,1.4375
279,openai_gpt-5-mini,Santal,P039,"Rajshahi, Rangpur, northwestern plains",Everyday Life Narrative,3396,575,417,40,14.375,0.7252173913043478,0.9355133079847908,0.568695652173913,0.0,0.8156521739130435,0,0,27.82608695652174,1,1,6.956521739130435,0.0,0,0,0,0,0,0,0,1,1,0,0,0,0,0,0,0,0,1,0.26666666666666666,ধান কাটা শেষ হয়েই গ্রামের,3.0,0.0,0,1.75,0.4330127018922193,1,2.0,0.0,0,1.0,0.0,0,1.9375
280,openai_gpt-5-mini,Santal,P040,"Rajshahi, Rangpur, northwestern plains",Change and Continuity,3244,571,369,37,15.432432432432432,0.6462346760070052,0.9166283524904215,0.4763572679509632,0.0,0.7408056042031523,0,0,35.02626970227671,0,1,14.010507880910684,0.0,0,0,0,1,0,0,0,0,0,0,0,0,0,0,0,0,1,1,0.4,শোনা আকাশ মাটির কথা একটা,1.0,0.0,0,1.0,0.0,0,1.0,0.0,0,1.25,0.4330127018922193,1,1.0625
281,openai_gpt-5-mini,Garo (Mandi),P041,"Mymensingh, Sherpur",Origin Story,3382,635,372,44,14.431818181818182,0.5858267716535434,0.9089078498293516,0.4188976377952756,0.0,0.6598425196850394,0,0,33.07086614173228,0,1,0.0,0.0,1,0,1,0,0,0,0,0,0,1,1,0,0,0,0,0,0,0,0.3333333333333333,শোনো বোনেরা ভাইরা পুরনো মান্দি,2.0,0.0,0,1.25,0.4330127018922193,1,1.0,0.0,0,1.75,0.4330127018922193,1,1.5
282,openai_gpt-5-mini,Garo (Mandi),P042,"Mymensingh, Sherpur",Human–Nature Relationship,3832,673,438,35,19.228571428571428,0.6508172362555721,0.9307371794871795,0.5037147102526003,0.0,0.725111441307578,0,0,35.661218424962854,0,1,5.943536404160476,0.0,0,1,1,3,0,0,0,0,0,1,1,0,0,0,0,0,0,1,0.3888888888888889,একটি ম্যান্ডি গ্রাম ছিল ঘন,3.0,0.0,0,2.0,0.0,0,2.0,0.0,0,2.0,0.0,0,2.25
283,openai_gpt-5-mini,Garo (Mandi),P043,"Mymensingh, Sherpur",Moral Transgression and Consequence,3659,637,410,39,16.333333333333332,0.6436420722135008,0.9306462585034014,0.47095761381475665,0.0,0.6766091051805337,0,0,34.53689167974882,0,1,1.5698587127158556,0.0,0,0,0,0,0,0,0,0,0,0,0,0,0,0,0,0,0,0,0.25,পাহাড়তলার গাঁওটিকে সবাই কেবল ছোট্ট,2.0,0.0,0,1.0,0.0,0,1.0,0.0,0,1.0,0.0,0,1.25
284,openai_gpt-5-mini,Garo (Mandi),P044,"Mymensingh, Sherpur",Wisdom of an Elder,3193,570,367,40,14.25,0.643859649122807,0.9072168905950097,0.47192982456140353,0.0,0.6543859649122807,0,0,38.59649122807018,0,1,15.789473684210526,0.0,1,0,0,0,0,0,0,0,0,0,0,0,0,0,0,0,0,1,0.07692307692307693,রাত গভীর পাহাড়ের কোলে আগুন,1.0,0.0,0,1.0,0.0,0,1.0,0.0,0,1.0,0.0,0,1.0
285,openai_gpt-5-mini,Garo (Mandi),P045,"Mymensingh, Sherpur",Community Crisis,3481,624,410,40,15.6,0.657051282051282,0.924104347826087,0.5112179487179487,0.0,0.7099358974358975,0,0,36.85897435897436,0,1,0.0,0.0,1,1,0,0,0,0,0,0,0,0,0,0,0,0,0,0,0,0,0.0,শোনো শোনো পাহাড়ের কোলে যে,2.0,0.0,0,1.75,0.4330127018922193,1,1.75,0.4330127018922193,1,1.25,0.4330127018922193,1,1.6875
286,openai_gpt-5-mini,Garo (Mandi),P046,"Mymensingh, Sherpur",Rite of Passage,3466,588,387,36,16.333333333333332,0.6581632653061225,0.93012987012987,0.49829931972789115,0.0,0.7074829931972789,0,0,44.21768707482993,0,1,0.0,0.0,1,1,0,1,1,0,0,0,0,1,0,0,0,1,0,1,0,1,0.125,আমি আজ আপনাদের একটি পাহাড়ি,2.0,0.0,0,1.25,0.4330127018922193,1,1.0,0.0,0,2.0,0.0,0,1.5625
287,openai_gpt-5-mini,Garo (Mandi),P047,"Mymensingh, Sherpur",Trickster or Clever Figure,3305,567,376,37,15.324324324324325,0.6631393298059964,0.9267181467181468,0.5220458553791887,0.0,0.7072310405643739,0,0,21.164021164021165,4,1,7.054673721340388,1.763668430335097,0,0,0,1,0,1,0,0,0,1,0,0,0,0,0,0,0,0,0.35714285714285715,পাহাড় ফাঁদে ঢেকে থাকা মাটি,2.0,0.0,0,2.0,0.0,0,2.0,0.0,0,1.75,0.82915619758885,2,1.9375
288,openai_gpt-5-mini,Garo (Mandi),P048,"Mymensingh, Sherpur",Sacred or Forbidden Space,3749,680,422,40,17.0,0.6205882352941177,0.9137242472266243,0.4573529411764706,0.0,0.6705882352941176,0,0,30.88235294117647,0,1,0.0,0.0,2,0,0,1,0,1,0,0,0,1,0,0,0,0,0,0,1,0,0.47368421052631576,শোন বড় স্মৃতি আছে এই,2.0,0.0,0,2.0,0.0,0,1.0,0.0,0,1.0,0.0,0,1.5
289,openai_gpt-5-mini,Garo (Mandi),P049,"Mymensingh, Sherpur",Everyday Life Narrative,3334,596,401,39,15.282051282051283,0.6728187919463087,0.9274588665447897,0.5050335570469798,0.0,0.7567114093959731,0,0,21.812080536912752,0,1,0.0,0.0,0,0,0,0,1,0,0,0,0,1,0,0,0,0,0,0,0,0,0.26666666666666666,আমি লোককথা কথক কাঁধে ঝাঁটা,3.0,0.0,0,2.0,0.0,0,2.0,0.0,0,2.0,0.0,0,2.25
290,openai_gpt-5-mini,Garo (Mandi),P050,"Mymensingh, Sherpur",Change and Continuity,3360,595,374,32,18.59375,0.6285714285714286,0.9049084249084248,0.4470588235294118,0.0,0.7361344537815127,0,0,47.05882352941177,0,1,0.0,0.0,1,0,0,0,0,0,0,0,0,0,0,0,0,0,0,0,0,0,0.7,শোনো শোনো প্রাচীন পাহাড়দের ঢেউয়ের,2.0,0.0,0,2.0,0.0,0,2.0,0.0,0,1.0,0.0,0,1.75
291,openai_gpt-5-mini,Khasi,P051,Sylhet (border areas),Origin Story,3214,583,370,28,20.821428571428573,0.6346483704974271,0.8946441947565543,0.4854202401372213,0.0,0.6689536878216124,0,0,34.305317324185246,0,1,0.0,1.7152658662092624,1,0,0,0,0,0,0,0,0,0,0,0,0,0,0,0,0,0,0.2777777777777778,শোনো ছেলে মেয়ে একেবারে বহু,1.0,0.0,0,1.0,0.0,0,2.0,0.0,0,2.0,0.0,0,1.5
292,openai_gpt-5-mini,Khasi,P052,Sylhet (border areas),Human–Nature Relationship,3252,575,374,31,18.548387096774192,0.6504347826086957,0.9262737642585551,0.4765217391304348,0.0,0.7565217391304347,0,0,40.0,0,1,0.0,0.0,0,0,0,0,0,0,0,0,0,0,0,0,0,0,0,0,1,0,0.5,পাহাড়ের গোড়ায় একটি গাঁয় নদীর,2.0,0.0,0,1.0,0.0,0,1.0,0.0,0,1.0,0.0,0,1.25
293,openai_gpt-5-mini,Khasi,P053,Sylhet (border areas),Moral Transgression and Consequence,3998,704,442,51,13.803921568627452,0.6278409090909091,0.9088854961832061,0.4630681818181818,0.0,0.6917613636363636,0,0,29.829545454545453,1,1,0.0,0.0,0,0,0,0,0,0,0,0,0,0,0,0,0,0,0,0,0,0,0.375,পাহাড়ের কোলে ছোট্ট এক খাসি,1.0,0.0,0,1.0,0.0,0,1.0,0.0,0,1.0,0.0,0,1.0
294,openai_gpt-5-mini,Khasi,P054,Sylhet (border areas),Wisdom of an Elder,3265,571,353,38,15.026315789473685,0.6182136602451839,0.9102681992337164,0.4395796847635727,0.0,0.658493870402802,0,0,29.7723292469352,1,1,15.761821366024519,0.0,1,1,1,1,0,0,0,0,0,1,1,0,0,0,0,0,0,1,0.3076923076923077,বাউল গানের মতো ধীরে ধীরে,3.0,0.0,0,2.0,0.0,0,2.0,0.0,0,1.75,0.4330127018922193,1,2.1875
295,openai_gpt-5-mini,Khasi,P055,Sylhet (border areas),Community Crisis,3720,635,432,43,14.767441860465116,0.6803149606299213,0.9482935153583618,0.5291338582677165,0.0,0.7496062992125985,0,0,28.346456692913385,0,1,0.0,0.0,0,0,0,2,0,0,0,0,0,0,0,0,0,0,0,0,0,1,0.06666666666666667,পাহাড়ের জংগল আর নীচে বয়ে,2.0,0.0,0,3.25,0.4330127018922193,1,2.0,0.0,0,1.25,0.4330127018922193,1,2.125
296,openai_gpt-5-mini,Khasi,P056,Sylhet (border areas),Rite of Passage,3159,531,359,31,17.129032258064516,0.6760828625235404,0.9214522821576763,0.5065913370998116,0.0,0.6930320150659134,0,0,41.431261770244824,0,1,5.649717514124294,0.0,1,0,0,1,0,0,0,0,0,0,0,0,0,0,0,0,1,0,0.0,শোনো শোনো গিরি কুহু ভেদ,2.0,0.0,0,2.0,0.0,0,1.0,0.0,0,1.0,0.0,0,1.5
297,openai_gpt-5-mini,Khasi,P057,Sylhet (border areas),Trickster or Clever Figure,3224,576,367,38,15.157894736842104,0.6371527777777778,0.9267172675521822,0.4774305555555556,0.0,0.6822916666666666,0,0,38.19444444444444,0,1,0.0,0.0,0,0,0,0,0,1,0,0,0,1,0,0,0,0,0,0,0,0,0.2857142857142857,পাহাড়ে কুয়াশার ঢেউ দেখে যে,1.75,0.4330127018922193,1,2.0,0.0,0,1.0,0.0,0,1.25,0.4330127018922193,1,1.5
298,openai_gpt-5-mini,Khasi,P058,Sylhet (border areas),Sacred or Forbidden Space,3366,581,401,32,18.15625,0.6901893287435457,0.9302631578947368,0.5456110154905336,0.0,0.7091222030981067,0,0,25.817555938037867,0,1,0.0,0.0,0,0,0,2,0,0,0,0,0,0,0,0,0,0,0,0,0,0,0.42105263157894735,শুনেন আমার পূর্ণিমার রাতে বহুকাল,2.75,0.4330127018922193,1,2.0,0.0,0,2.0,0.0,0,1.0,0.0,0,1.9375
299,openai_gpt-5-mini,Khasi,P059,Sylhet (border areas),Everyday Life Narrative,3271,577,389,38,15.18421052631579,0.6741767764298093,0.9442045454545455,0.4904679376083189,0.0,0.7469670710571924,0,0,39.86135181975737,2,1,10.398613518197573,0.0,1,0,0,0,0,0,0,0,0,0,0,0,0,0,0,0,0,0,0.4666666666666667,শোনো ভাই ও বোনরা পাহাড়,3.0,0.0,0,2.0,0.0,0,2.0,0.0,0,3.5,0.8660254037844386,2,2.625
300,openai_gpt-5-mini,Khasi,P060,Sylhet (border areas),Change and Continuity,3281,551,364,31,17.774193548387096,0.6606170598911071,0.9159362549800797,0.5045372050816697,0.0,0.7404718693284936,0,0,43.55716878402904,3,1,0.0,0.0,0,0,0,0,0,0,0,0,0,0,0,0,0,0,0,0,0,0,0.1,পাহাড়ের নীচে ভাটি জলের পাশে,2.0,0.0,0,2.0,0.0,0,1.0,0.0,0,2.0,0.0,0,1.75
301,openai_gpt-5-mini,Manipuri (Meitei),P061,Sylhet (border areas),Origin Story,3105,560,359,33,16.96969696969697,0.6410714285714286,0.9089236790606653,0.475,0.0,0.6857142857142857,0,0,42.857142857142854,0,1,1.7857142857142858,0.0,1,0,0,2,0,0,0,0,0,0,0,0,0,0,0,0,1,0,0.3333333333333333,শোনো শোনো লোককথা বলে সেই,2.0,0.0,0,2.0,0.0,0,2.0,0.0,0,1.0,0.0,0,1.75
302,openai_gpt-5-mini,Manipuri (Meitei),P062,Sylhet (border areas),Human–Nature Relationship,3507,610,410,40,15.25,0.6721311475409836,0.9175401069518717,0.5131147540983606,0.0,0.7508196721311475,0,0,44.26229508196721,3,1,0.0,0.0,0,1,1,2,0,0,0,0,1,0,0,0,0,0,0,0,0,0,0.4444444444444444,গ্রামের নাম জানেনা কেউ কেবল,2.0,0.0,0,2.0,0.0,0,2.0,0.0,0,1.0,0.0,0,1.75
303,openai_gpt-5-mini,Manipuri (Meitei),P063,Sylhet (border areas),Moral Transgression and Consequence,3556,644,420,41,15.707317073170731,0.6521739130434783,0.9293445378151262,0.5015527950310559,0.0,0.7127329192546584,0,0,29.503105590062113,0,1,0.0,0.0,1,0,1,1,1,0,0,1,2,1,0,0,0,0,0,0,0,1,0.3125,গ্রামের শেষ প্রান্তে নিরিবিলি এক,2.0,0.0,0,2.0,0.0,0,2.0,0.0,0,1.25,0.4330127018922193,1,1.8125
304,openai_gpt-5-mini,Manipuri (Meitei),P064,Sylhet (border areas),Wisdom of an Elder,3739,688,426,41,16.78048780487805,0.6191860465116279,0.9046322378716745,0.4694767441860465,0.0,0.6715116279069767,0,0,31.976744186046513,0,1,14.534883720930232,0.0,0,0,0,1,0,0,0,0,0,0,0,0,0,0,0,0,0,0,0.15384615384615385,গ্রামের সর্বপ্রাচীন বটগাছের তলে লোকে,4.5,0.8660254037844386,2,2.0,0.0,0,2.0,0.0,0,1.0,0.0,0,2.375
305,openai_gpt-5-mini,Manipuri (Meitei),P065,Sylhet (border areas),Community Crisis,3429,599,411,41,14.609756097560975,0.6861435726210351,0.9352363636363636,0.5325542570951586,0.0,0.7161936560934892,0,0,36.72787979966611,8,1,10.01669449081803,0.0,0,0,1,2,1,0,0,0,1,1,0,0,0,0,0,0,0,0,0.2,ঘন নীড় নালা আর মৃদু,2.0,0.0,0,2.0,0.0,0,2.0,0.0,0,1.0,0.0,0,1.75
306,openai_gpt-5-mini,Manipuri (Meitei),P066,Sylhet (border areas),Rite of Passage,3213,522,376,31,16.838709677419356,0.7203065134099617,0.9479492600422833,0.578544061302682,0.0,0.7394636015325671,0,0,44.06130268199234,16,1,0.0,0.0,0,1,1,3,0,0,0,0,1,0,0,0,0,0,1,1,0,0,0.1875,একসময়ের কথা পাহাড়ের ছায়া আর,3.0,0.0,0,2.0,0.0,0,2.0,0.0,0,2.0,0.0,0,2.25
307,openai_gpt-5-mini,Manipuri (Meitei),P067,Sylhet (border areas),Trickster or Clever Figure,3306,589,390,39,15.102564102564102,0.6621392190152802,0.9267777777777777,0.49575551782682514,0.0,0.7232597623089984,0,0,30.560271646859082,1,1,1.697792869269949,0.0,1,0,1,0,0,0,0,0,1,0,0,0,0,0,0,0,0,0,0.35714285714285715,এক আশুকালীন গল্প এক নদীনিকট,1.5,0.8660254037844386,2,2.0,0.0,0,2.0,0.0,0,1.0,0.0,0,1.625
308,openai_gpt-5-mini,Manipuri (Meitei),P068,Sylhet (border areas),Sacred or Forbidden Space,3266,562,396,27,20.814814814814813,0.7046263345195729,0.9371929824561402,0.5587188612099644,0.0,0.7099644128113879,0,0,30.249110320284696,1,1,7.117437722419929,0.0,0,1,0,1,0,0,0,0,0,0,0,0,0,0,0,0,0,0,0.3684210526315789,কথা আছে গ্রামের ঠিক ওপারে,3.0,0.0,0,3.0,0.0,0,2.0,0.0,0,2.0,0.0,0,2.5
309,openai_gpt-5-mini,Manipuri (Meitei),P069,Sylhet (border areas),Everyday Life Narrative,3053,538,359,31,17.35483870967742,0.6672862453531598,0.9260531697341513,0.4962825278810409,0.0,0.6988847583643123,0,0,33.45724907063197,6,1,0.0,0.0,0,1,0,0,0,0,0,0,0,0,0,0,0,0,0,0,0,1,0.3333333333333333,বুকচিরে পাহাড় ঘেরা এক উপত্যকার,2.0,0.0,0,1.75,0.4330127018922193,1,2.0,0.0,0,1.25,0.4330127018922193,1,1.75
310,openai_gpt-5-mini,Manipuri (Meitei),P070,Sylhet (border areas),Change and Continuity,3117,542,363,34,15.941176470588236,0.6697416974169742,0.9271399594320486,0.5018450184501845,0.0,0.7177121771217713,0,0,49.81549815498155,1,1,0.0,0.0,2,0,0,0,0,0,0,0,0,0,0,0,0,0,0,0,0,0,0.6,শোনো শোনো এ তো সেই,3.0,0.0,0,1.25,0.4330127018922193,1,2.0,0.0,0,2.0,0.0,0,2.0625
311,openai_gpt-5-mini,Mro,P071,Bandarban,Origin Story,3311,587,393,35,16.771428571428572,0.6695059625212947,0.9314869888475836,0.5281090289608177,0.0,0.6933560477001703,0,0,30.664395229982965,0,1,0.0,0.0,1,0,0,1,0,0,0,0,0,0,0,0,0,0,0,0,1,0,0.05555555555555555,কথিত আছে যখন পাহাড়গুলো ছিল,2.0,0.0,0,2.0,0.0,0,3.0,0.0,0,1.25,0.4330127018922193,1,2.0625
312,openai_gpt-5-mini,Mro,P072,Bandarban,Human–Nature Relationship,3690,641,420,44,14.568181818181818,0.6552262090483619,0.9232094594594594,0.5132605304212169,0.0,0.7269890795631825,0,0,23.400936037441497,0,1,0.0,0.0,0,0,0,2,0,0,0,0,0,0,0,0,0,0,0,0,0,0,0.5,পাহাড় উপকূলের ম্রো গ্রামের কথা,2.0,0.0,0,2.0,0.0,0,3.0,0.0,0,2.5,0.8660254037844386,2,2.375
313,openai_gpt-5-mini,Mro,P073,Bandarban,Moral Transgression and Consequence,3696,660,423,46,14.347826086956522,0.6409090909090909,0.9275286415711949,0.4863636363636364,0.0,0.6681818181818182,0,0,45.45454545454545,0,1,3.0303030303030303,0.0,0,0,0,1,1,0,0,0,0,1,0,0,0,0,0,0,0,0,0.0625,পাহাড়তলা এক ছোট গ্রাম ছিল,3.0,0.0,0,2.0,0.0,0,1.75,0.4330127018922193,1,2.0,0.0,0,2.1875
314,openai_gpt-5-mini,Mro,P074,Bandarban,Wisdom of an Elder,3531,642,399,51,12.588235294117647,0.6214953271028038,0.9190219224283306,0.45482866043613707,0.0,0.6838006230529595,0,0,35.82554517133956,1,1,17.133956386292834,0.0,2,0,0,0,0,0,0,0,0,0,0,0,0,0,0,0,0,1,0.15384615384615385,পাহাড়ের আভাস পড়ে গেলে গ্রাম,2.0,0.0,0,1.25,0.4330127018922193,1,3.0,0.0,0,2.0,0.0,0,2.0625
315,openai_gpt-5-mini,Mro,P075,Bandarban,Community Crisis,3399,597,412,38,15.710526315789474,0.6901172529313233,0.9141605839416058,0.5360134003350083,0.0,0.711892797319933,0,0,36.85092127303182,0,1,5.025125628140704,0.0,0,0,0,0,0,0,0,0,0,0,0,0,0,0,0,0,0,1,0.2,এক সময়ের কথা পাহাড়ের কোলে,2.0,0.0,0,2.25,0.4330127018922193,1,2.0,0.0,0,2.0,0.0,0,2.0625
316,openai_gpt-5-mini,Mro,P076,Bandarban,Rite of Passage,3238,582,361,42,13.857142857142858,0.6202749140893471,0.9280300187617261,0.45532646048109965,0.0,0.6666666666666666,0,0,41.23711340206186,0,1,0.0,0.0,1,0,0,0,0,0,0,0,0,0,0,0,0,0,0,0,0,0,0.0625,শোনো শোনো বাঁশঝাড়ের তারে তারে,3.0,0.0,0,3.0,0.0,0,2.0,0.0,0,2.25,0.4330127018922193,1,2.5625
317,openai_gpt-5-mini,Mro,P077,Bandarban,Trickster or Clever Figure,3360,568,383,39,14.564102564102564,0.6742957746478874,0.9307899807321772,0.5140845070422535,0.0,0.7394366197183099,0,0,40.49295774647887,1,1,12.32394366197183,0.0,1,0,0,1,0,1,0,0,1,0,0,0,0,0,0,0,0,0,0.2857142857142857,পাহাড়ের কোলে বাঁশঝাড় আর জুমক্ষেতুর,3.0,0.0,0,2.25,0.4330127018922193,1,2.0,0.0,0,2.0,0.0,0,2.3125
318,openai_gpt-5-mini,Mro,P078,Bandarban,Sacred or Forbidden Space,3158,555,370,34,16.323529411764707,0.6666666666666666,0.9232806324110672,0.4954954954954955,0.0,0.6810810810810811,0,0,39.63963963963964,0,1,0.0,0.0,1,1,0,3,0,0,0,0,0,0,0,0,0,0,0,0,0,0,0.3684210526315789,শোনো হে ভাইরা বোনেরা গল্প,2.25,0.4330127018922193,1,2.25,0.4330127018922193,1,2.0,0.0,0,2.0,0.0,0,2.125
319,openai_gpt-5-mini,Mro,P079,Bandarban,Everyday Life Narrative,3378,603,383,39,15.461538461538462,0.6351575456053068,0.9218050541516246,0.47761194029850745,0.0,0.7213930348258707,0,0,48.09286898839137,0,1,9.950248756218905,0.0,3,0,0,0,1,0,0,0,0,1,0,0,0,0,0,0,0,0,0.4,শোনো শুনো পাহাড়ের ওই কুঁড়ে,2.0,0.0,0,2.0,0.0,0,2.0,0.0,0,1.0,0.0,0,1.75
320,openai_gpt-5-mini,Mro,P080,Bandarban,Change and Continuity,3258,572,390,37,15.45945945945946,0.6818181818181818,0.9348374760994265,0.5209790209790209,0.0,0.7185314685314685,0,0,40.20979020979021,0,1,0.0,0.0,0,0,0,1,0,0,0,0,0,0,0,0,0,0,0,0,1,0,0.6,রাত হালকা পাহাড়ের কোল বোঁটা,3.0,0.0,0,2.0,0.0,0,2.0,0.0,0,2.0,0.0,0,2.25
321,openai_gpt-5-mini,Tripura,P081,Chittagong Hill Tracts,Origin Story,3595,648,405,38,17.05263157894737,0.625,0.9236727879799665,0.4691358024691358,0.0,0.6712962962962963,0,0,30.864197530864196,0,1,12.345679012345679,0.0,1,0,1,1,0,0,0,0,1,0,0,0,0,0,0,0,0,0,0.2222222222222222,অনেককাল আগে ত্রিপুরার পাহাড়ের বুকে,2.0,0.0,0,2.0,0.0,0,2.0,0.0,0,1.0,0.0,0,1.75
322,openai_gpt-5-mini,Tripura,P082,Chittagong Hill Tracts,Human–Nature Relationship,3486,621,413,42,14.785714285714286,0.6650563607085346,0.9204895104895104,0.5120772946859904,0.0,0.7375201288244766,0,0,35.42673107890499,0,1,0.0,0.0,1,1,0,1,0,0,0,0,0,0,0,0,0,0,0,0,0,0,0.4444444444444444,শ্রুতিতে আছে পাহাড়ের গায়ে ঢাকা,2.0,0.0,0,2.25,0.4330127018922193,1,1.0,0.0,0,1.0,0.0,0,1.5625
323,openai_gpt-5-mini,Tripura,P083,Chittagong Hill Tracts,Moral Transgression and Consequence,3169,547,372,35,15.628571428571428,0.680073126142596,0.9267469879518072,0.5393053016453382,0.0,0.7221206581352834,0,0,20.10968921389397,1,1,0.0,0.0,0,1,0,2,0,0,0,0,0,0,0,0,0,0,0,0,0,0,0.125,পাহাড়ের বাড়ি ছোট্ট এক গ্রাম,2.0,0.0,0,3.25,0.4330127018922193,1,1.0,0.0,0,2.25,0.4330127018922193,1,2.125
324,openai_gpt-5-mini,Tripura,P084,Chittagong Hill Tracts,Wisdom of an Elder,3662,650,429,53,12.264150943396226,0.66,0.9345424292845257,0.4969230769230769,0.0,0.72,0,0,30.76923076923077,0,1,0.0,0.0,0,0,0,1,1,0,0,0,0,1,0,0,0,0,0,0,0,0,0.15384615384615385,পাহাড়ের বুকে এক ছোটো গ্রাম,1.0,0.0,0,1.0,0.0,0,1.0,0.0,0,1.0,0.0,0,1.0
325,openai_gpt-5-mini,Tripura,P085,Chittagong Hill Tracts,Community Crisis,3309,592,386,38,15.578947368421053,0.652027027027027,0.921915285451197,0.4780405405405405,0.0,0.7516891891891891,0,0,45.608108108108105,0,1,0.0,0.0,0,0,1,2,0,0,0,1,2,0,0,0,0,0,0,0,0,1,0.06666666666666667,পাহাড়ের কোলে বাঁশঝোপ আর ধানক্ষেতে,2.0,0.0,0,2.0,0.0,0,1.75,0.4330127018922193,1,1.25,0.4330127018922193,1,1.75
326,openai_gpt-5-mini,Tripura,P086,Chittagong Hill Tracts,Rite of Passage,3598,623,425,33,18.87878787878788,0.6821829855537721,0.9332752613240419,0.5232744783306581,0.0,0.7303370786516854,0,0,22.471910112359552,0,1,1.6051364365971108,0.0,0,0,0,3,0,0,0,0,0,0,0,0,0,0,0,0,0,1,0.375,এই গল্পটি ত্রিপুরার পরিবেশ বন,3.75,0.82915619758885,2,1.75,0.4330127018922193,1,3.75,0.4330127018922193,1,1.0,0.0,0,2.5625
327,openai_gpt-5-mini,Tripura,P087,Chittagong Hill Tracts,Trickster or Clever Figure,3485,621,412,36,17.25,0.6634460547504025,0.9283216783216783,0.5201288244766505,0.0,0.7262479871175523,0,0,35.42673107890499,0,1,0.0,0.0,1,1,0,0,0,1,0,0,0,1,0,0,0,0,0,0,0,0,0.35714285714285715,শোনো পথিক আমাদের গ্রামের কথা,2.0,0.0,0,2.5,0.5,1,1.75,0.4330127018922193,1,1.25,0.4330127018922193,1,1.875
328,openai_gpt-5-mini,Tripura,P088,Chittagong Hill Tracts,Sacred or Forbidden Space,3256,572,381,40,14.3,0.666083916083916,0.9262332695984704,0.5052447552447552,0.0,0.7115384615384616,0,0,34.96503496503497,0,1,0.0,0.0,0,0,0,0,0,0,0,0,0,0,0,0,0,0,0,0,0,0,0.3157894736842105,একসময়ের কথা টিলা আর ছোট,2.0,0.0,0,2.0,0.0,0,2.0,0.0,0,2.0,0.0,0,2.0
329,openai_gpt-5-mini,Tripura,P089,Chittagong Hill Tracts,Everyday Life Narrative,3237,550,397,38,14.473684210526315,0.7218181818181818,0.9489021956087824,0.5781818181818181,0.0,0.7727272727272727,0,0,29.09090909090909,1,1,5.454545454545454,0.0,0,0,0,2,1,0,0,0,0,1,0,0,0,0,0,0,0,1,0.4,আমি যখন পাহাড়ের পাদদেশের সেই,3.0,0.0,0,2.0,0.0,0,3.0,0.0,0,2.75,0.4330127018922193,1,2.6875
330,openai_gpt-5-mini,Tripura,P090,Chittagong Hill Tracts,Change and Continuity,3077,530,368,27,19.62962962962963,0.6943396226415094,0.944074844074844,0.5339622641509434,0.0,0.7471698113207547,0,0,35.84905660377358,0,1,0.0,0.0,1,0,1,2,0,0,0,0,1,0,0,0,0,0,0,0,0,0,0.5,শোনো শোনো পাহাড়ি কুঁড়ে কুঁড়ে,3.0,0.0,0,2.0,0.0,0,2.0,0.0,0,1.25,0.4330127018922193,1,2.0625
331,openai_gpt-5-mini,Oraon (Kurukh),P091,North Bengal,Origin Story,3421,613,364,30,20.433333333333334,0.5938009787928222,0.8804964539007093,0.44208809135399674,0.0,0.6378466557911908,0,0,26.10114192495922,0,1,0.0,0.0,0,0,0,1,0,0,0,0,0,0,0,0,0,0,0,0,0,0,0.2222222222222222,বুড়োরা বলে আমাদের কথা বলার,2.0,0.0,0,2.0,0.0,0,2.0,0.0,0,1.75,0.4330127018922193,1,1.9375
332,openai_gpt-5-mini,Oraon (Kurukh),P092,North Bengal,Human–Nature Relationship,3334,578,402,40,14.45,0.6955017301038062,0.9426843100189036,0.5311418685121108,0.0,0.7439446366782007,0,0,39.792387543252595,2,1,6.920415224913495,0.0,0,0,0,2,0,0,0,0,0,0,0,0,0,0,0,0,0,1,0.5555555555555556,আমি লোককথা কথক গ্রাম বাঁশি,2.75,0.4330127018922193,1,3.5,0.8660254037844386,2,2.0,0.0,0,2.0,0.0,0,2.5625
333,openai_gpt-5-mini,Oraon (Kurukh),P093,North Bengal,Moral Transgression and Consequence,3523,613,406,47,13.042553191489361,0.6623164763458401,0.9298581560283687,0.4910277324632953,0.0,0.7177814029363785,0,0,32.62642740619902,0,1,11.419249592169658,0.0,0,0,0,1,0,0,0,0,0,0,0,0,0,0,0,0,0,0,0.1875,রাত কুয়াশায় ঢাকা জঙ্গলগড়ার মোড়ে,3.0,0.0,0,2.0,0.0,0,1.75,0.4330127018922193,1,1.75,0.4330127018922193,1,2.125
334,openai_gpt-5-mini,Oraon (Kurukh),P094,North Bengal,Wisdom of an Elder,3404,595,385,45,13.222222222222221,0.6470588235294118,0.915970695970696,0.4722689075630252,0.0,0.6907563025210084,0,0,45.378151260504204,0,1,8.403361344537815,0.0,2,0,0,0,0,0,0,0,0,0,0,0,0,0,0,0,0,0,0.07692307692307693,শুনো বাচ্চা তোমরা তখনও ক্ষুদ্র,2.0,0.0,0,2.0,0.0,0,3.0,0.0,0,2.5,0.8660254037844386,2,2.375
335,openai_gpt-5-mini,Oraon (Kurukh),P095,North Bengal,Community Crisis,3513,607,420,43,14.116279069767442,0.6919275123558485,0.9291039426523297,0.5238879736408567,0.0016556291390728477,0.7265238879736409,0,0,39.53871499176277,8,1,0.0,0.0,0,1,1,1,0,0,0,0,0,1,1,0,0,0,0,0,0,1,0.2,এক সময়ের কথা সুবহে সুবহে,3.25,0.4330127018922193,1,3.0,0.0,0,3.0,0.0,0,3.0,0.0,0,3.0625
336,openai_gpt-5-mini,Oraon (Kurukh),P096,North Bengal,Rite of Passage,3769,651,413,44,14.795454545454545,0.6344086021505376,0.9259800664451826,0.47619047619047616,0.0,0.695852534562212,0,0,38.40245775729647,0,1,0.0,0.0,0,0,0,1,0,0,0,1,1,0,0,0,0,0,0,0,0,1,0.3125,গ্রামের কোলে একটা ছোট্ট বন,3.0,0.0,0,3.0,0.0,0,2.0,0.0,0,2.0,0.0,0,2.5
337,openai_gpt-5-mini,Oraon (Kurukh),P097,North Bengal,Trickster or Clever Figure,4290,780,456,64,12.1875,0.5846153846153846,0.9095485636114911,0.40384615384615385,0.003861003861003861,0.6987179487179487,0,0,30.76923076923077,1,1,0.0,0.0,0,0,1,1,0,1,0,0,0,2,1,0,0,0,0,0,1,0,0.35714285714285715,পাহাড়ি কুঁড়ে কুঁড়ে বসে থাকা,3.0,0.0,0,3.0,0.0,0,2.0,0.0,0,2.0,0.0,0,2.5
338,openai_gpt-5-mini,Oraon (Kurukh),P098,North Bengal,Sacred or Forbidden Space,3745,648,422,38,17.05263157894737,0.6512345679012346,0.932854757929883,0.48919753086419754,0.0,0.7253086419753086,0,0,40.123456790123456,4,1,0.0,0.0,0,0,0,1,0,0,0,0,0,0,0,0,0,0,0,0,0,0,0.5789473684210527,নিচের গল্পটি কল্পিত সংস্কৃতি অনুপ্রেরিত,3.0,0.0,0,2.0,0.0,0,3.75,0.4330127018922193,1,2.0,0.0,0,2.6875
339,openai_gpt-5-mini,Oraon (Kurukh),P099,North Bengal,Everyday Life Narrative,3416,606,396,42,14.428571428571429,0.6534653465346535,0.9441651705565529,0.4884488448844885,0.0,0.7607260726072608,0,0,37.95379537953795,0,1,0.0,0.0,1,0,0,0,0,0,0,0,0,0,0,0,0,0,0,0,0,0,0.3333333333333333,শোনো শোনো একবারের পাহাড়ের পাদদেশে,2.0,0.0,0,3.0,0.0,0,3.0,0.0,0,2.0,0.0,0,2.5
340,openai_gpt-5-mini,Oraon (Kurukh),P100,North Bengal,Change and Continuity,3271,562,378,34,16.529411764705884,0.6725978647686833,0.928849902534113,0.501779359430605,0.0017889087656529517,0.7170818505338078,0,0,42.704626334519574,0,1,7.117437722419929,0.0,0,0,0,1,0,0,0,0,0,0,0,0,0,0,0,0,0,0,0.5,বহুদিন আগে পাহাড় আর বন,3.5,0.8660254037844386,2,3.0,0.0,0,3.0,0.0,0,2.0,0.0,0,2.875
341,openai_gpt-5-mini,Hajong,P101,Mymensingh,Origin Story,3290,592,353,37,16.0,0.5962837837837838,0.8900920810313075,0.44256756756756754,0.0,0.6891891891891891,0,0,27.027027027027028,0,1,0.0,0.0,0,0,0,0,0,0,0,0,0,0,0,0,0,0,0,0,0,0,0.2222222222222222,কথা আছে হাজংদের পুরনো দিনের,3.0,1.0,2,1.75,0.4330127018922193,1,2.0,0.0,0,2.0,0.0,0,2.1875
342,openai_gpt-5-mini,Hajong,P102,Mymensingh,Human–Nature Relationship,3566,632,409,45,14.044444444444444,0.6471518987341772,0.9226758147512863,0.5031645569620253,0.0,0.6645569620253164,0,0,49.050632911392405,0,1,4.746835443037975,0.0,1,0,0,1,1,1,0,0,0,2,0,0,0,0,0,0,0,0,0.3333333333333333,শোনো সেই রাতটা ছিল ঘন,3.0,0.0,0,2.0,0.0,0,2.0,0.0,0,2.0,0.0,0,2.25
343,openai_gpt-5-mini,Hajong,P103,Mymensingh,Moral Transgression and Consequence,3849,663,442,47,14.106382978723405,0.6666666666666666,0.9386319218241042,0.5082956259426847,0.0,0.7300150829562594,0,0,39.21568627450981,0,1,0.0,0.0,0,0,1,1,0,0,0,0,1,0,0,0,0,0,0,0,0,0,0.0625,গ্রামের নাম ছিল নীরাব করা,4.0,1.0,2,2.0,0.0,0,2.75,1.299038105676658,3,2.0,0.0,0,2.6875
344,openai_gpt-5-mini,Hajong,P104,Mymensingh,Wisdom of an Elder,3428,600,413,50,12.0,0.6883333333333334,0.9232304900181488,0.5316666666666666,0.0,0.7183333333333334,0,0,35.0,0,1,23.333333333333332,0.0,1,1,0,1,1,0,0,0,0,1,0,0,0,0,0,0,0,0,0.23076923076923078,পাহাড়ের উর্বর ঢালে বাঁশবনের পাশে,2.0,0.0,0,2.5,0.8660254037844386,2,1.0,0.0,0,1.25,0.4330127018922193,1,1.6875
345,openai_gpt-5-mini,Hajong,P105,Mymensingh,Community Crisis,3116,534,389,29,18.413793103448278,0.7284644194756554,0.9174845360824743,0.5898876404494382,0.0,0.7734082397003745,0,0,33.70786516853933,0,1,0.0,0.0,0,0,0,1,0,0,0,0,0,0,0,0,0,0,0,0,0,0,0.2,গ্রামটুকু পাহাড়ের পাদদেশে ছড়া আর,3.0,0.0,0,1.75,0.4330127018922193,1,2.0,0.0,0,2.25,0.4330127018922193,1,2.25
346,openai_gpt-5-mini,Hajong,P106,Mymensingh,Rite of Passage,3874,668,443,40,16.7,0.6631736526946108,0.9196768982229402,0.5134730538922155,0.0,0.7275449101796407,0,0,32.93413173652694,2,1,8.982035928143713,0.0,0,0,0,0,0,0,0,0,0,0,0,0,0,0,0,0,0,1,0.0625,এই গল্পটি সংস্কৃতির সাধারণ আবহ,3.0,0.0,0,3.0,0.0,0,2.0,0.0,0,2.0,0.0,0,2.5
347,openai_gpt-5-mini,Hajong,P107,Mymensingh,Trickster or Clever Figure,3435,614,411,40,15.35,0.6693811074918566,0.9188672566371681,0.5244299674267101,0.0,0.744299674267101,0,0,35.83061889250814,0,1,0.0,0.0,0,0,0,0,0,1,0,0,0,1,0,0,0,0,0,0,0,0,0.35714285714285715,পাহাড়ের পাদদেশে ছোট এক হাজং,1.5,0.8660254037844386,2,2.25,0.4330127018922193,1,3.0,0.0,0,2.0,0.0,0,2.1875
348,openai_gpt-5-mini,Hajong,P108,Mymensingh,Sacred or Forbidden Space,3205,564,367,33,17.09090909090909,0.650709219858156,0.9202718446601942,0.4804964539007092,0.0,0.7092198581560284,0,0,33.687943262411345,0,1,0.0,0.0,0,1,0,2,0,0,0,0,0,0,0,0,0,0,0,0,0,0,0.2631578947368421,আমাদের গ্রামটাই ছোট বাঁশ আর,3.0,0.0,0,2.75,0.4330127018922193,1,3.25,0.4330127018922193,1,2.0,0.0,0,2.75
349,openai_gpt-5-mini,Hajong,P109,Mymensingh,Everyday Life Narrative,3427,606,391,34,17.823529411764707,0.6452145214521452,0.9304488330341113,0.4636963696369637,0.0,0.7656765676567657,0,0,31.353135313531354,0,1,11.551155115511552,0.0,0,0,0,1,0,0,0,0,0,0,0,0,0,0,0,0,0,0,0.26666666666666666,পাতার রং ম্রিয়মাণ দিগন্তে ধানের,2.0,0.0,0,2.0,0.0,0,3.0,0.0,0,2.0,0.0,0,2.25
350,openai_gpt-5-mini,Hajong,P110,Mymensingh,Change and Continuity,3349,577,375,37,15.594594594594595,0.6499133448873483,0.9243939393939393,0.48180242634315423,0.0,0.7157712305025996,0,0,32.92894280762565,0,1,0.0,0.0,1,0,0,1,0,0,0,0,0,0,0,0,0,0,0,0,0,1,0.7,শোনো শোনো আমি লোককথা কথক,3.0,0.0,0,1.25,0.4330127018922193,1,3.0,0.0,0,3.5,0.8660254037844386,2,2.6875
351,openai_gpt-5-mini,Rakhine,P111,"Cox's Bazar, coastal areas",Origin Story,3543,629,376,38,16.55263157894737,0.5977742448330684,0.9053793103448275,0.41017488076311603,0.0,0.6931637519872814,0,0,38.15580286168522,0,1,9.538950715421304,0.0,2,0,1,1,0,0,0,0,0,1,1,0,0,0,0,0,0,0,0.3333333333333333,শোনো শোনো রাখাইন উপকূলের এক,2.0,0.0,0,3.25,0.4330127018922193,1,2.0,0.0,0,2.0,0.0,0,2.3125
352,openai_gpt-5-mini,Rakhine,P112,"Cox's Bazar, coastal areas",Human–Nature Relationship,3675,650,421,39,16.666666666666668,0.6476923076923077,0.9287853577371049,0.4938461538461538,0.0,0.703076923076923,0,0,40.0,0,1,7.6923076923076925,0.0,0,0,0,2,0,0,0,0,0,0,0,0,0,0,0,0,0,1,0.5,নদী মুখে ছোট্ট একটি গ্রাম,3.0,0.0,0,3.0,0.0,0,3.0,0.0,0,2.0,0.0,0,2.75
353,openai_gpt-5-mini,Rakhine,P113,"Cox's Bazar, coastal areas",Moral Transgression and Consequence,3440,590,401,43,13.720930232558139,0.6796610169491526,0.9268391866913124,0.5305084745762711,0.0,0.7457627118644068,0,0,38.983050847457626,0,1,0.0,0.0,0,0,1,0,0,0,0,0,0,1,1,0,0,0,0,0,0,0,0.125,দাঁইচর গ্রামের কথাই এটা একটা,3.0,0.0,0,2.75,0.4330127018922193,1,2.0,0.0,0,2.0,0.0,0,2.4375
354,openai_gpt-5-mini,Rakhine,P114,"Cox's Bazar, coastal areas",Wisdom of an Elder,3722,666,384,40,16.65,0.5765765765765766,0.8948136142625608,0.4024024024024024,0.0,0.6876876876876877,0,0,39.03903903903904,0,1,0.0,0.0,2,0,1,0,0,0,0,0,0,1,1,0,0,0,0,0,0,0,0.07692307692307693,এক সময়ের কথা সমুদ্রের ধারে,3.0,0.0,0,3.75,0.4330127018922193,1,2.0,0.0,0,2.0,0.0,0,2.6875
355,openai_gpt-5-mini,Rakhine,P115,"Cox's Bazar, coastal areas",Community Crisis,3838,663,433,43,15.418604651162791,0.6530920060331825,0.9331270358306188,0.49924585218702866,0.0,0.7526395173453997,0,0,37.70739064856712,1,1,0.0,0.0,0,0,1,0,0,0,0,0,0,1,1,0,0,0,0,0,0,0,0.06666666666666667,সাগরের ধারে এক রাখাইন গ্রাম,3.0,0.0,0,3.0,0.0,0,2.0,0.0,0,1.25,0.4330127018922193,1,2.3125
356,openai_gpt-5-mini,Rakhine,P116,"Cox's Bazar, coastal areas",Rite of Passage,3418,588,417,35,16.8,0.7091836734693877,0.9548423005565863,0.5578231292517006,0.0,0.7227891156462585,0,0,39.1156462585034,0,1,1.7006802721088434,0.0,0,0,0,2,0,0,0,0,0,0,0,0,0,0,0,0,1,0,0.1875,বালির উঠোন আর নোনাধারে বেঁচে,3.0,0.0,0,2.5,0.8660254037844386,2,3.0,0.0,0,1.75,0.4330127018922193,1,2.5625
357,openai_gpt-5-mini,Rakhine,P117,"Cox's Bazar, coastal areas",Trickster or Clever Figure,3162,551,368,35,15.742857142857142,0.6678765880217786,0.9347808764940239,0.5045372050816697,0.0,0.7168784029038112,0,0,29.038112522686024,0,1,0.0,0.0,0,0,0,1,0,0,0,0,0,0,0,0,0,0,0,0,0,0,0.42857142857142855,এক সময় সমুদ্রতীরের এক ছোট্ট,3.0,0.0,0,3.0,0.0,0,3.0,0.0,0,2.0,0.0,0,2.75
358,openai_gpt-5-mini,Rakhine,P118,"Cox's Bazar, coastal areas",Sacred or Forbidden Space,3204,560,363,40,14.0,0.6482142857142857,0.9028571428571429,0.5053571428571428,0.0,0.7339285714285714,0,0,41.07142857142857,7,1,0.0,0.0,1,0,0,1,0,0,0,0,0,0,0,0,0,0,0,0,1,0,0.42105263157894735,শোনো শোনো এ গোঁজাখাঁটা গল্পটা,2.25,0.4330127018922193,1,3.0,0.0,0,2.25,0.4330127018922193,1,1.75,0.4330127018922193,1,2.3125
359,openai_gpt-5-mini,Rakhine,P119,"Cox's Bazar, coastal areas",Everyday Life Narrative,2850,479,353,33,14.515151515151516,0.7369519832985386,0.9470697674418604,0.5720250521920668,0.0,0.778705636743215,0,0,35.49060542797495,0,1,0.0,0.0,0,0,0,0,0,0,0,0,0,0,0,0,0,0,0,0,0,0,0.2,আমি তাল ঝড়া কুলের মাঝখানে,3.25,0.4330127018922193,1,3.0,0.0,0,2.0,0.0,0,2.0,0.0,0,2.5625
360,openai_gpt-5-mini,Rakhine,P120,"Cox's Bazar, coastal areas",Change and Continuity,3150,548,365,44,12.454545454545455,0.666058394160584,0.9282965931863727,0.4927007299270073,0.0,0.7226277372262774,0,0,45.62043795620438,0,1,0.0,0.0,0,0,0,1,0,0,0,0,0,0,0,0,0,0,0,0,0,0,0.3,সমুদ্রের কুয়াশা মাঝে আলপথের এক,3.0,0.0,0,2.75,0.4330127018922193,1,2.0,0.0,0,2.0,0.0,0,2.4375
361,openai_gpt-5.1,Bengali,P001,Bangladesh-Scoped,Origin Story,5268,942,546,70,13.457142857142857,0.5796178343949044,0.9136394176931691,0.3991507430997877,0.0,0.7038216560509554,0,0,19.10828025477707,0,1,18.046709129511676,0.0,1,0,0,2,2,0,0,0,2,0,0,0,0,0,0,0,1,0,0.2222222222222222,আমাদের গ্রামে যে বিরাট বটগাছটি,2.0,0.0,0,3.0,0.0,0,3.0,0.0,0,2.0,0.0,0,2.5
362,openai_gpt-5.1,Bengali,P002,Bangladesh-Scoped,Human–Nature Relationship,5599,1014,593,76,13.342105263157896,0.5848126232741617,0.9243523316062177,0.4280078895463511,0.0,0.7327416173570019,0,0,19.723865877712033,0,1,6.903353057199211,0.0,1,0,0,1,0,0,0,0,0,0,0,0,0,0,0,0,0,0,0.5555555555555556,অনেক কাল আগের কথা এক,3.0,0.0,0,2.5,0.8660254037844386,2,2.0,0.0,0,2.0,0.0,0,2.375
363,openai_gpt-5.1,Bengali,P003,Bangladesh-Scoped,Moral Transgression and Consequence,5449,988,534,78,12.666666666666666,0.5404858299595142,0.9202768903088392,0.354251012145749,0.0,0.6993927125506073,0,0,22.267206477732792,1,1,19.23076923076923,0.0,0,0,0,0,10,0,0,0,10,0,0,0,0,0,0,0,1,0,0.125,চরবালার কাহিনি মানত ভাঙার ফল,3.5,0.8660254037844386,2,3.0,0.0,0,2.0,0.0,0,2.0,0.0,0,2.625
364,openai_gpt-5.1,Bengali,P004,Bangladesh-Scoped,Wisdom of an Elder,5009,897,541,81,11.074074074074074,0.6031215161649944,0.9320047169811321,0.43478260869565216,0.0,0.7201783723522854,0,0,26.755852842809364,0,1,10.033444816053512,1.1148272017837235,1,0,1,1,2,0,0,0,3,0,0,0,0,0,0,0,0,0,0.15384615384615385,পূর্ব নদীর ধারে ছিল ছোট্ট,3.0,0.0,0,3.0,0.0,0,2.0,0.0,0,2.0,0.0,0,2.5
365,openai_gpt-5.1,Bengali,P005,Bangladesh-Scoped,Community Crisis,6099,1099,637,83,13.240963855421686,0.5796178343949044,0.9148571428571429,0.4094631483166515,0.010948905109489052,0.7361237488626023,0,0,20.928116469517743,0,1,23.657870791628753,1.8198362147406733,1,0,2,2,3,0,0,0,5,0,0,0,0,0,0,0,1,0,0.13333333333333333,শোনো এই গ্রামটার নাম ছিল,3.0,0.0,0,2.0,0.0,0,3.0,0.0,0,2.0,0.0,0,2.5
366,openai_gpt-5.1,Bengali,P006,Bangladesh-Scoped,Rite of Passage,5892,1028,632,69,14.898550724637682,0.6147859922178989,0.9348723186925434,0.43093385214007784,0.0,0.7859922178988327,0,0,22.373540856031127,1,1,0.0,1.9455252918287937,0,0,1,0,3,0,0,0,4,0,0,0,0,0,0,0,0,0,0.1875,এক ছিল নদীঘেরা সবুজ এক,3.0,0.0,0,2.75,0.4330127018922193,1,2.0,0.0,0,2.0,0.0,0,2.4375
367,openai_gpt-5.1,Bengali,P007,Bangladesh-Scoped,Trickster or Clever Figure,5910,1068,572,99,10.787878787878787,0.5355805243445693,0.8944062806673209,0.3642322097378277,0.0,0.7350187265917603,1,0,33.70786516853933,0,1,2.808988764044944,0.9363295880149812,1,0,1,2,3,1,0,1,4,2,0,0,0,0,0,0,0,0,0.14285714285714285,নদীর ধারে এক গ্রাম ছিল,2.75,0.4330127018922193,1,3.0,0.0,0,3.0,0.0,0,2.75,0.4330127018922193,1,2.875
368,openai_gpt-5.1,Bengali,P008,Bangladesh-Scoped,Sacred or Forbidden Space,6588,1187,664,76,15.618421052631579,0.5593934288121314,0.9306326889279437,0.3959561920808762,0.0008445945945945946,0.7051390058972199,0,0,9.267059814658804,0,1,15.164279696714406,0.0,2,0,0,0,5,0,0,0,5,0,0,0,0,1,0,1,0,0,0.3157894736842105,পূর্ব বাংলার এক গ্রাম ছিল,3.5,0.8660254037844386,2,2.5,0.8660254037844386,2,3.25,0.4330127018922193,1,3.0,0.0,0,3.0625
369,openai_gpt-5.1,Bengali,P009,Bangladesh-Scoped,Everyday Life Narrative,5788,1034,583,76,13.605263157894736,0.5638297872340425,0.9271065989847715,0.38007736943907156,0.0019398642095053346,0.7775628626692457,0,0,31.914893617021278,0,1,4.835589941972921,2.9013539651837523,0,0,0,0,6,0,0,0,6,0,0,0,0,0,0,0,0,0,0.26666666666666666,শীতের প্রথম পিঠা গ্রামের নাম,2.0,0.0,0,3.0,0.0,0,3.0,0.0,0,2.0,0.0,0,2.5
370,openai_gpt-5.1,Bengali,P010,Bangladesh-Scoped,Change and Continuity,5470,984,516,92,10.695652173913043,0.524390243902439,0.903336898395722,0.33028455284552843,0.004077471967380225,0.7266260162601627,1,1,25.40650406504065,0,1,5.08130081300813,0.0,1,0,2,0,2,0,0,0,4,0,0,0,0,0,0,0,0,0,0.3,নদীর ধারে সেই গ্রামটা অনেক,3.0,0.0,0,3.0,0.0,0,2.0,0.0,0,1.75,0.4330127018922193,1,2.4375
371,openai_gpt-5.1,Chakma,P011,Chittagong Hill Tracts,Origin Story,4541,816,447,72,11.333333333333334,0.5477941176470589,0.9086571056062581,0.36764705882352944,0.0024600246002460025,0.7071078431372549,0,0,13.480392156862745,0,1,17.15686274509804,0.0,2,0,0,2,0,0,0,0,0,0,0,0,0,0,0,0,0,0,0.16666666666666666,শোনো এই যে পাহাড়ের বুক,3.0,0.0,0,4.5,0.8660254037844386,2,2.0,0.0,0,3.0,0.0,0,3.125
372,openai_gpt-5.1,Chakma,P012,Chittagong Hill Tracts,Human–Nature Relationship,5907,1035,552,82,12.621951219512194,0.5333333333333333,0.925922920892495,0.35942028985507246,0.0,0.7159420289855073,0,0,28.985507246376812,0,1,2.898550724637681,0.0,0,0,0,1,0,0,0,0,0,0,0,0,0,0,0,0,0,0,0.3333333333333333,কুয়াশায় ঢাকা পাহাড়ের কোলে এক,4.0,0.0,0,2.75,0.4330127018922193,1,3.0,0.0,0,3.0,0.0,0,3.1875
373,openai_gpt-5.1,Chakma,P013,Chittagong Hill Tracts,Moral Transgression and Consequence,5650,1027,550,92,11.16304347826087,0.5355404089581305,0.9096728016359917,0.37098344693281404,0.00390625,0.6942551119766309,0,0,17.526777020447906,0,1,6.815968841285297,0.0,0,0,0,0,0,4,0,0,4,0,0,0,0,0,0,0,0,0,0.125,চট্টগ্রামের পার্বত্য অরণ্যের ঢেউ খেলানো,3.25,0.4330127018922193,1,2.75,0.4330127018922193,1,3.0,0.0,0,2.0,0.0,0,2.75
374,openai_gpt-5.1,Chakma,P014,Chittagong Hill Tracts,Wisdom of an Elder,5546,964,519,85,11.341176470588236,0.5383817427385892,0.902207650273224,0.3599585062240664,0.005202913631633715,0.7199170124481328,0,0,26.970954356846473,0,1,6.224066390041494,0.0,0,0,0,0,0,2,0,0,2,0,0,0,0,0,0,0,0,0,0.23076923076923078,অনেক আগে কর্ণফুলীর উপরের দিকের,3.0,0.0,0,2.25,0.4330127018922193,1,3.0,0.0,0,2.0,0.0,0,2.5625
375,openai_gpt-5.1,Chakma,P015,Chittagong Hill Tracts,Community Crisis,5126,916,532,77,11.896103896103897,0.5807860262008734,0.9034140715109573,0.4170305676855895,0.0,0.7008733624454149,0,0,8.733624454148472,0,1,16.375545851528383,0.0,1,0,0,2,0,3,0,0,3,0,0,0,0,0,0,0,1,0,0.26666666666666666,শোনো পাহাড়ি হাওয়া যখন সন্ধ্যায়,3.25,0.4330127018922193,1,3.0,0.0,0,3.75,0.4330127018922193,1,2.0,0.0,0,3.0
376,openai_gpt-5.1,Chakma,P016,Chittagong Hill Tracts,Rite of Passage,6236,1104,592,98,11.26530612244898,0.5362318840579711,0.9250805687203791,0.34692028985507245,0.0,0.7155797101449275,0,0,8.152173913043478,0,1,19.92753623188406,0.0,0,0,0,0,0,4,0,0,4,0,0,0,0,0,0,0,0,0,0.0,পাহাড়ের কোল ঘেঁষে ঝিরি আর,4.25,0.4330127018922193,1,3.0,0.0,0,3.0,0.0,0,3.0,0.0,0,3.3125
377,openai_gpt-5.1,Chakma,P017,Chittagong Hill Tracts,Trickster or Clever Figure,5139,941,511,84,11.202380952380953,0.5430393198724761,0.9084977578475336,0.3687566418703507,0.005330490405117271,0.6907545164718385,0,0,35.06907545164719,0,1,3.1880977683315623,0.0,0,0,0,0,0,1,0,1,1,1,0,0,0,0,0,0,0,0,0.35714285714285715,এক কালে পাহাড়ের ঢেউয়ের মতো,1.5,0.8660254037844386,2,3.0,0.0,0,2.0,0.0,0,3.0,0.0,0,2.375
378,openai_gpt-5.1,Chakma,P018,Chittagong Hill Tracts,Sacred or Forbidden Space,5918,1061,573,93,11.408602150537634,0.5400565504241281,0.9171936758893281,0.37323279924599434,0.0,0.6908576814326107,0,0,14.137606032045241,0,1,14.137606032045241,0.0,1,0,1,1,0,0,0,0,0,1,1,0,0,0,0,0,0,0,0.3684210526315789,শোনো পাহাড়ি হাওয়ায় ভেসে আসা,2.0,0.0,0,3.0,0.0,0,3.0,0.0,0,1.75,0.4330127018922193,1,2.4375
379,openai_gpt-5.1,Chakma,P019,Chittagong Hill Tracts,Everyday Life Narrative,5742,1025,568,81,12.654320987654321,0.5541463414634147,0.918155737704918,0.3804878048780488,0.0009784735812133072,0.7404878048780488,0,0,15.609756097560975,0,1,17.5609756097561,0.0,0,0,0,1,0,1,0,0,1,0,0,0,0,0,0,0,0,0,0.13333333333333333,পার্বত্য সবুজে ঘেরা এক ছোট্ট,3.0,0.0,0,3.0,0.0,0,2.25,0.4330127018922193,1,2.0,0.0,0,2.5625
380,openai_gpt-5.1,Chakma,P020,Chittagong Hill Tracts,Change and Continuity,5472,975,546,82,11.890243902439025,0.56,0.9221382289416846,0.38051282051282054,0.0,0.7271794871794872,0,0,26.666666666666668,0,1,2.051282051282051,0.0,0,0,0,1,0,2,0,0,2,0,0,0,0,0,0,0,0,0,0.1,পাহাড়ের নরম কুয়াশা ভেদ করে,3.0,0.0,0,3.0,0.0,0,3.0,0.0,0,1.75,0.4330127018922193,1,2.6875
381,openai_gpt-5.1,Marma,P021,Chittagong Hill Tracts,Origin Story,5256,955,520,73,13.082191780821917,0.5445026178010471,0.9043487858719648,0.3706806282722513,0.0,0.6900523560209424,0,0,10.471204188481675,0,1,13.612565445026178,0.0,3,0,0,0,0,0,0,1,0,1,0,0,0,0,0,0,0,0,0.1111111111111111,শোনো পাহাড়ি রাত লম্বা বাঁশবনের,3.0,0.0,0,3.0,0.0,0,2.0,0.0,0,2.0,0.0,0,2.5
382,openai_gpt-5.1,Marma,P022,Chittagong Hill Tracts,Human–Nature Relationship,5275,954,552,80,11.925,0.5786163522012578,0.9121767955801104,0.4056603773584906,0.004206098843322818,0.7295597484276729,0,0,20.964360587002098,0,1,10.482180293501049,0.0,0,0,1,2,0,3,0,0,3,1,1,0,0,0,0,0,0,0,0.3888888888888889,এই যে পাহাড়ের গা বেয়ে,3.0,0.0,0,3.0,0.0,0,2.5,0.8660254037844386,2,3.0,0.0,0,2.875
383,openai_gpt-5.1,Marma,P023,Chittagong Hill Tracts,Moral Transgression and Consequence,6302,1143,584,93,12.290322580645162,0.510936132983377,0.9213162705667276,0.32720909886264216,0.0,0.7147856517935258,0,0,6.99912510936133,0,1,17.497812773403325,0.0,0,0,0,2,0,1,0,0,1,0,0,0,0,0,0,0,0,0,0.125,পাহাড়ের শপথ চট্টগ্রাম পাহাড়ের কোলে,4.0,0.0,0,3.0,0.0,0,3.0,0.0,0,2.0,0.0,0,3.0
384,openai_gpt-5.1,Marma,P024,Chittagong Hill Tracts,Wisdom of an Elder,5619,996,554,81,12.296296296296296,0.5562248995983936,0.9137064413938754,0.3885542168674699,0.0,0.6817269076305221,0,0,34.136546184738954,0,1,9.036144578313253,0.0,1,0,0,1,0,4,0,0,4,0,0,0,0,0,0,0,0,1,0.23076923076923078,পাহাড়ের গা বেয়ে বাঁক নেওয়া,3.0,0.0,0,3.0,0.0,0,2.25,0.4330127018922193,1,3.0,0.0,0,2.8125
385,openai_gpt-5.1,Marma,P025,Chittagong Hill Tracts,Community Crisis,6278,1121,615,89,12.595505617977528,0.5486173059768065,0.9229477611940299,0.35504014272970563,0.0,0.7243532560214094,0,0,24.977698483496876,0,1,6.244424620874219,0.0,1,0,1,2,0,3,0,0,3,1,1,0,0,0,0,0,0,0,0.13333333333333333,পাহাড়ি এক কালের কথা ঘন,3.25,0.4330127018922193,1,3.0,0.0,0,3.0,0.0,0,2.0,0.0,0,2.8125
386,openai_gpt-5.1,Marma,P026,Chittagong Hill Tracts,Rite of Passage,5420,957,530,75,12.76,0.5538140020898642,0.9144933920704846,0.3594566353187043,0.0020964360587002098,0.7084639498432602,0,0,15.67398119122257,0,1,14.629049111807733,0.0,1,0,1,1,0,4,0,0,4,1,1,0,0,0,0,0,0,0,0.0,অনেক দিন আগের কথা পাহাড়ে,2.5,0.8660254037844386,2,3.75,0.4330127018922193,1,3.0,0.0,0,2.0,0.0,0,2.8125
387,openai_gpt-5.1,Marma,P027,Chittagong Hill Tracts,Trickster or Clever Figure,5780,1039,562,94,11.053191489361701,0.5409047160731473,0.9134343434343434,0.37439846005774785,0.0009652509652509653,0.6891241578440809,0,0,28.873917228103945,0,1,9.624639076034649,0.0,2,0,0,2,0,3,0,0,3,0,0,0,0,0,0,0,0,0,0.2857142857142857,পার্বতের কোলে ছোট্ট এক মারমা,4.0,0.0,0,3.0,0.0,0,3.0,0.0,0,3.0,0.0,0,3.25
388,openai_gpt-5.1,Marma,P028,Chittagong Hill Tracts,Sacred or Forbidden Space,5787,1047,583,83,12.614457831325302,0.556829035339064,0.9121042084168336,0.4087870105062082,0.0009578544061302681,0.7125119388729704,0,0,17.191977077363898,0,1,3.8204393505253105,0.0,2,0,1,2,0,2,0,0,2,1,1,0,0,0,0,0,1,0,0.21052631578947367,শোনো তবে পাহাড়ি বাতাসের মতো,3.0,0.0,0,3.0,0.0,0,2.0,0.0,0,2.0,0.0,0,2.5
389,openai_gpt-5.1,Marma,P029,Chittagong Hill Tracts,Everyday Life Narrative,5147,927,497,78,11.884615384615385,0.5361380798274002,0.9161731207289293,0.3441208198489752,0.0,0.7249190938511327,0,0,12.944983818770227,0,1,21.57497303128371,0.0,2,1,0,0,0,1,0,0,1,0,0,0,0,0,0,0,0,0,0.3333333333333333,পাহাড়ের কোলে ঝরনাধারার পাশে এক,4.0,0.0,0,1.5,0.8660254037844386,2,3.25,0.4330127018922193,1,2.0,0.0,0,2.6875
390,openai_gpt-5.1,Marma,P030,Chittagong Hill Tracts,Change and Continuity,5801,1022,529,74,13.81081081081081,0.5176125244618396,0.9013566289825282,0.3385518590998043,0.001962708537782139,0.7377690802348337,0,0,14.677103718199609,0,1,17.61252446183953,0.0,1,0,0,0,0,1,0,0,1,0,0,0,0,0,0,0,0,0,0.2,পাহাড়ের গান আর নদীর আলো,3.0,0.0,0,3.5,0.8660254037844386,2,2.0,0.0,0,1.75,0.4330127018922193,1,2.5625
391,openai_gpt-5.1,Santal,P031,"Rajshahi, Rangpur, northwestern plains",Origin Story,5786,1020,551,78,13.076923076923077,0.5401960784313725,0.9151802265705458,0.353921568627451,0.0,0.7245098039215686,0,0,17.647058823529413,2,1,17.647058823529413,0.0,1,0,0,2,0,0,0,2,2,0,0,0,0,0,0,0,0,0,0.2777777777777778,রাতটা ছিল কালো আকাশে কেবল,4.0,0.0,0,3.0,0.0,0,3.0,0.0,0,2.75,0.4330127018922193,1,3.1875
392,openai_gpt-5.1,Santal,P032,"Rajshahi, Rangpur, northwestern plains",Human–Nature Relationship,6565,1174,636,89,13.191011235955056,0.5417376490630323,0.9137777777777778,0.358603066439523,0.0008539709649871904,0.7257240204429302,0,0,28.960817717206133,0,1,5.9625212947189095,0.0,1,0,1,1,0,0,0,0,0,1,1,0,0,0,0,0,0,0,0.3333333333333333,ধুপধাপ পাহাড়ের আঁধার গা ঘেঁষে,3.0,0.0,0,2.75,0.4330127018922193,1,3.0,0.0,0,2.0,0.0,0,2.6875
393,openai_gpt-5.1,Santal,P033,"Rajshahi, Rangpur, northwestern plains",Moral Transgression and Consequence,6206,1136,578,99,11.474747474747474,0.5088028169014085,0.9251885924563017,0.3389084507042254,0.00176522506619594,0.7095070422535211,0,0,18.485915492957748,0,1,0.0,0.0,0,0,0,1,0,0,0,2,2,0,0,0,0,0,0,0,0,0,0.125,শুনেছি আমার বাপঠাকুরদারা এক কালে,4.0,0.0,0,3.0,0.0,0,3.0,0.0,0,2.0,0.0,0,3.0
394,openai_gpt-5.1,Santal,P034,"Rajshahi, Rangpur, northwestern plains",Wisdom of an Elder,5355,950,549,81,11.728395061728396,0.5778947368421052,0.9205771365149833,0.40842105263157896,0.0,0.6905263157894737,0,0,9.473684210526315,0,1,18.94736842105263,0.0,2,0,0,2,0,0,0,2,2,0,0,0,0,0,0,0,0,0,0.0,সালবনের ধারের সেই সাঁওতাল গ্রামটিতে,4.0,0.0,0,3.0,0.0,0,2.0,0.0,0,2.0,0.0,0,2.75
395,openai_gpt-5.1,Santal,P035,"Rajshahi, Rangpur, northwestern plains",Community Crisis,6052,1064,584,90,11.822222222222223,0.5488721804511278,0.9229950738916256,0.375,0.0,0.7152255639097744,0,0,23.49624060150376,0,1,0.9398496240601504,0.0,0,0,1,0,0,0,0,1,1,1,1,0,0,0,0,0,0,0,0.13333333333333333,উত্তরের শুকনো টিলার গায়ে শাল,3.0,0.0,0,3.0,0.0,0,3.25,0.4330127018922193,1,2.25,0.4330127018922193,1,2.875
396,openai_gpt-5.1,Santal,P036,"Rajshahi, Rangpur, northwestern plains",Rite of Passage,5420,985,520,73,13.493150684931507,0.5279187817258884,0.8958333333333334,0.3553299492385787,0.0,0.6883248730964467,0,0,11.16751269035533,0,1,12.182741116751268,0.0,1,0,0,1,0,0,0,2,2,0,0,0,0,0,0,0,0,0,0.125,শোনো তবে এক সাঁওতাল পাড়ার,4.0,0.0,0,4.0,0.0,0,3.0,0.0,0,1.0,0.0,0,3.0
397,openai_gpt-5.1,Santal,P037,"Rajshahi, Rangpur, northwestern plains",Trickster or Clever Figure,5401,984,566,72,13.666666666666666,0.5752032520325203,0.9339893048128342,0.40447154471544716,0.0,0.6910569105691057,0,0,11.178861788617887,0,1,17.276422764227643,0.0,0,0,0,1,0,1,0,1,1,1,0,0,0,0,0,0,0,0,0.2857142857142857,অনেক দিন আগের কথা বর্তমান,4.0,0.0,0,3.75,0.4330127018922193,1,3.0,0.0,0,2.0,0.0,0,3.1875
398,openai_gpt-5.1,Santal,P038,"Rajshahi, Rangpur, northwestern plains",Sacred or Forbidden Space,6395,1146,615,92,12.456521739130435,0.5366492146596858,0.9125432999088422,0.3525305410122164,0.0,0.7260034904013961,0,0,10.471204188481675,0,1,16.57940663176265,0.0,0,0,1,0,0,0,0,1,1,1,1,0,0,0,0,0,0,0,0.3684210526315789,গাঁওটার নাম এখন কেউ ঠিক,3.25,0.4330127018922193,1,2.25,0.82915619758885,2,1.5,0.8660254037844386,2,2.0,0.0,0,2.25
399,openai_gpt-5.1,Santal,P039,"Rajshahi, Rangpur, northwestern plains",Everyday Life Narrative,4869,896,489,81,11.061728395061728,0.5457589285714286,0.9360566706021252,0.359375,0.004479283314669653,0.7399553571428571,0,0,17.857142857142858,0,1,1.1160714285714286,0.0,0,0,0,2,0,0,0,2,2,0,0,0,0,0,0,0,0,0,0.3333333333333333,সালবনের ধারে ছোট্ট সাঁওতাল পাড়া,3.0,0.0,0,3.25,0.4330127018922193,1,3.25,0.4330127018922193,1,2.0,0.0,0,2.875
400,openai_gpt-5.1,Santal,P040,"Rajshahi, Rangpur, northwestern plains",Change and Continuity,5077,939,520,71,13.225352112676056,0.5537806176783813,0.9153033707865169,0.37167199148029817,0.002136752136752137,0.7220447284345048,0,0,14.90947816826411,0,1,18.104366347177848,0.0,0,0,1,1,0,0,0,2,2,1,1,0,0,0,0,0,0,0,0.2,অনেক দিন আগের কথা দেশের,4.0,0.0,0,3.75,0.4330127018922193,1,2.5,0.8660254037844386,2,2.0,0.0,0,3.0625
401,openai_gpt-5.1,Garo (Mandi),P041,"Mymensingh, Sherpur",Origin Story,5803,1022,557,77,13.272727272727273,0.5450097847358122,0.900082219938335,0.3679060665362035,0.0,0.723091976516634,0,0,11.741682974559687,0,1,0.9784735812133072,0.0,1,0,0,0,0,0,0,0,0,0,0,0,0,0,0,0,0,0,0.2222222222222222,শুরুর সেই কালে যখন অরণ্যের,4.0,0.0,0,4.0,0.0,0,3.0,0.0,0,1.75,0.4330127018922193,1,3.1875
402,openai_gpt-5.1,Garo (Mandi),P042,"Mymensingh, Sherpur",Human–Nature Relationship,5529,1015,561,79,12.848101265822784,0.5527093596059113,0.9073498964803313,0.39901477832512317,0.001976284584980237,0.7064039408866996,0,0,25.61576354679803,0,1,5.911330049261084,5.911330049261084,0,0,0,2,0,0,0,0,0,0,0,0,0,0,0,0,0,0,0.4444444444444444,অনেক দিন আগের কথা পাহাড়ের,4.0,0.0,0,2.25,1.0897247358851685,3,3.0,0.0,0,1.0,0.0,0,2.5625
403,openai_gpt-5.1,Garo (Mandi),P043,"Mymensingh, Sherpur",Moral Transgression and Consequence,5658,990,582,79,12.531645569620252,0.5878787878787879,0.9309245483528161,0.41919191919191917,0.0,0.7313131313131314,0,0,20.2020202020202,0,1,15.151515151515152,0.0,1,1,0,2,0,0,0,0,0,0,0,0,0,0,0,0,1,1,0.3125,অনেক কাল আগের কথা শাল,3.0,0.0,0,3.0,0.0,0,3.0,0.0,0,3.5,0.8660254037844386,2,3.125
404,openai_gpt-5.1,Garo (Mandi),P044,"Mymensingh, Sherpur",Wisdom of an Elder,6513,1166,593,90,12.955555555555556,0.5085763293310464,0.9152730528200538,0.3241852487135506,0.0008598452278589854,0.6646655231560892,0,0,35.16295025728988,0,1,23.156089193825043,0.0,1,0,0,1,0,0,0,0,0,0,0,0,0,0,0,0,0,0,0.15384615384615385,পাহাড়ের গা বেয়ে নামা কুয়াশা,3.0,0.0,0,2.75,0.4330127018922193,1,2.0,0.0,0,2.75,0.4330127018922193,1,2.625
405,openai_gpt-5.1,Garo (Mandi),P045,"Mymensingh, Sherpur",Community Crisis,5283,945,514,73,12.945205479452055,0.5439153439153439,0.9133928571428571,0.35873015873015873,0.0,0.7216931216931217,0,0,27.513227513227513,0,1,13.756613756613756,0.0,0,0,0,2,0,0,0,0,0,0,0,0,0,0,0,0,0,0,0.06666666666666667,পাহাড়ের কোল ঘেঁষে ঘন জঙ্গল,4.0,0.0,0,2.25,0.4330127018922193,1,3.0,0.0,0,3.0,0.0,0,3.0625
406,openai_gpt-5.1,Garo (Mandi),P046,"Mymensingh, Sherpur",Rite of Passage,5175,934,533,72,12.972222222222221,0.5706638115631691,0.907367231638418,0.3854389721627409,0.0,0.715203426124197,0,0,22.483940042826553,0,1,1.0706638115631693,0.0,1,0,0,1,0,0,0,0,0,0,0,0,0,0,0,0,0,0,0.0,গারো পাহাড়ের কোল ঘেঁষে ছিল,3.0,0.0,0,3.0,0.0,0,3.0,0.0,0,2.0,0.0,0,2.75
407,openai_gpt-5.1,Garo (Mandi),P047,"Mymensingh, Sherpur",Trickster or Clever Figure,5986,1054,581,91,11.582417582417582,0.5512333965844403,0.9210149253731343,0.3700189753320683,0.0,0.7210626185958254,0,0,17.077798861480076,0,1,18.975332068311197,0.0,1,0,0,1,0,1,0,0,0,1,0,0,0,0,0,0,0,0,0.35714285714285715,সবুজ পাহাড় আর ঘন জঙ্গলে,3.0,0.0,0,3.0,0.0,0,3.0,0.0,0,1.75,0.4330127018922193,1,2.6875
408,openai_gpt-5.1,Garo (Mandi),P048,"Mymensingh, Sherpur",Sacred or Forbidden Space,6140,1097,600,81,13.54320987654321,0.5469462169553327,0.9149236641221374,0.3701002734731085,0.0,0.7092069279854147,0,0,16.40838650865998,0,1,15.496809480401094,0.0,1,0,0,1,0,0,0,0,0,0,0,0,0,0,0,0,0,0,0.47368421052631576,যে সময় পাহাড়ের ঢালে জুমের,2.0,0.0,0,3.0,0.0,0,4.0,0.7071067811865476,2,3.0,0.0,0,3.0
409,openai_gpt-5.1,Garo (Mandi),P049,"Mymensingh, Sherpur",Everyday Life Narrative,4737,860,506,72,11.944444444444445,0.5883720930232558,0.9255240443896424,0.41511627906976745,0.0,0.7348837209302326,0,0,18.6046511627907,0,1,2.3255813953488373,0.0,0,1,0,1,0,0,0,0,0,0,0,0,0,0,0,0,0,0,0.2,গারো পাহাড়ের এক নিরিবিলি গ্রাম,2.0,0.0,0,2.75,0.4330127018922193,1,4.5,0.8660254037844386,2,3.0,0.0,0,3.0625
410,openai_gpt-5.1,Garo (Mandi),P050,"Mymensingh, Sherpur",Change and Continuity,5652,1036,533,82,12.634146341463415,0.5144787644787645,0.9111043566362715,0.33687258687258687,0.000968054211035818,0.6853281853281853,0,0,18.33976833976834,0,1,17.374517374517374,0.0,1,0,0,1,0,0,0,0,0,0,0,0,0,0,0,0,0,0,0.4,শোনো শোনো পাহাড়ি বাতাস আজও,3.0,0.0,0,3.0,0.0,0,4.0,0.0,0,2.25,0.4330127018922193,1,3.0625
411,openai_gpt-5.1,Khasi,P051,Sylhet (border areas),Origin Story,5049,896,462,69,12.985507246376812,0.515625,0.9042266824085006,0.3359375,0.0022396416573348264,0.6908482142857143,0,0,27.901785714285715,0,1,11.160714285714286,0.0,1,0,0,2,0,0,0,0,0,0,0,0,0,0,0,0,0,0,0.1111111111111111,যে কালে পাহাড়ের গায়ে মেঘ,4.0,0.0,0,3.0,0.0,0,3.0,0.0,0,1.0,0.0,0,2.75
412,openai_gpt-5.1,Khasi,P052,Sylhet (border areas),Human–Nature Relationship,5177,930,518,81,11.481481481481481,0.556989247311828,0.9248354143019296,0.3817204301075269,0.0010787486515641855,0.6935483870967742,0,0,19.35483870967742,0,1,2.150537634408602,0.0,1,0,0,2,0,0,0,0,0,0,0,0,0,0,0,0,0,0,0.3333333333333333,এক ছিল দুই ছিল মেঘে,2.0,0.0,0,3.0,0.0,0,3.0,0.0,0,1.0,0.0,0,2.25
413,openai_gpt-5.1,Khasi,P053,Sylhet (border areas),Moral Transgression and Consequence,6115,1075,600,86,12.5,0.5581395348837209,0.9412865497076023,0.39813953488372095,0.0009328358208955224,0.7237209302325581,0,0,9.30232558139535,0,1,19.53488372093023,0.0,0,0,0,2,0,0,0,1,1,0,0,0,0,0,0,0,0,1,0.1875,পূর্ব পাহাড়ের খাসি গ্রামগুলোর একটায়,3.25,0.4330127018922193,1,2.0,0.0,0,3.0,0.0,0,1.0,0.0,0,2.3125
414,openai_gpt-5.1,Khasi,P054,Sylhet (border areas),Wisdom of an Elder,5710,997,547,84,11.869047619047619,0.5486459378134403,0.9213924050632911,0.3721163490471414,0.0,0.6940822467402207,0,0,45.135406218655966,1,1,5.015045135406218,0.0,0,0,0,1,0,0,0,0,0,0,0,0,0,0,0,0,0,0,0.15384615384615385,পাহাড়ের কুয়াশা তখনও ঝুলে আছে,2.25,0.4330127018922193,1,4.0,0.0,0,3.0,0.0,0,2.0,0.0,0,2.8125
415,openai_gpt-5.1,Khasi,P055,Sylhet (border areas),Community Crisis,6429,1154,612,79,14.60759493670886,0.5303292894280762,0.9021900452488687,0.3509532062391681,0.0,0.7027729636048526,0,0,16.464471403812826,0,1,18.197573656845755,0.0,0,1,0,1,0,0,0,0,0,0,0,0,0,0,0,0,1,0,0.13333333333333333,সেই পাহাড়ঘেরা গ্রামটার কথা বলি,3.25,0.82915619758885,2,3.0,0.0,0,3.0,0.0,0,3.0,0.0,0,3.0625
416,openai_gpt-5.1,Khasi,P056,Sylhet (border areas),Rite of Passage,5479,955,517,82,11.646341463414634,0.5413612565445026,0.9096026490066226,0.381151832460733,0.0,0.7099476439790576,0,0,20.94240837696335,1,1,18.848167539267017,0.0,0,0,0,0,0,0,0,0,0,0,0,0,0,0,0,0,0,0,0.1875,শ্রীমঙ্গলের পাহাড়ঘেরা এক খাসি পুঞ্জি,3.0,0.0,0,3.25,0.4330127018922193,1,3.0,0.0,0,1.0,0.0,0,2.5625
417,openai_gpt-5.1,Khasi,P057,Sylhet (border areas),Trickster or Clever Figure,4978,887,475,79,11.227848101265822,0.5355129650507328,0.9163245823389021,0.37204058624577224,0.0022624434389140274,0.6933483652762119,0,0,25.93010146561443,0,1,2.254791431792559,0.0,1,0,0,1,0,0,0,1,1,0,0,0,0,0,0,0,0,0,0.07142857142857142,এক ছিল পাহাড় এক ছিল,4.75,0.4330127018922193,1,2.75,0.4330127018922193,1,2.75,0.4330127018922193,1,2.0,0.0,0,3.0625
418,openai_gpt-5.1,Khasi,P058,Sylhet (border areas),Sacred or Forbidden Space,6151,1135,594,79,14.367088607594937,0.5233480176211454,0.9158195211786372,0.3497797356828194,0.0,0.6819383259911894,0,0,26.431718061674008,0,1,5.286343612334802,0.0,1,0,0,1,0,1,0,0,0,1,0,0,0,0,0,0,1,0,0.3157894736842105,খাসিয়াদের এক পুঞ্জি ছিল পাহাড়ের,4.0,0.0,0,4.0,0.0,0,3.0,0.0,0,1.75,0.4330127018922193,1,3.1875
419,openai_gpt-5.1,Khasi,P059,Sylhet (border areas),Everyday Life Narrative,6093,1095,569,89,12.303370786516854,0.5196347031963471,0.9122944550669216,0.33424657534246577,0.0,0.7488584474885844,0,0,16.438356164383563,0,1,0.91324200913242,0.0,1,0,0,1,0,0,0,0,0,0,0,0,0,0,0,0,0,0,0.26666666666666666,অত পুরনো কালের কথা নয়,2.0,0.0,0,2.0,0.0,0,2.0,0.0,0,1.25,0.4330127018922193,1,1.8125
420,openai_gpt-5.1,Khasi,P060,Sylhet (border areas),Change and Continuity,5496,964,573,62,15.548387096774194,0.5943983402489627,0.938775956284153,0.42946058091286304,0.004162330905306972,0.720954356846473,0,0,14.522821576763485,0,1,9.336099585062241,0.0,1,0,0,0,0,0,0,0,0,0,0,0,0,0,0,0,0,0,0.2,মেঘে ঢাকা এক পাহাড়ের গা,2.0,0.0,0,3.0,0.0,0,3.0,0.0,0,1.0,0.0,0,2.25
421,openai_gpt-5.1,Manipuri (Meitei),P061,Sylhet (border areas),Origin Story,5191,933,515,71,13.140845070422536,0.5519828510182208,0.9189592760180996,0.3783494105037513,0.002150537634408602,0.7277599142550911,0,0,11.789924973204716,0,1,13.933547695605574,0.0,1,0,1,1,0,0,0,0,1,0,0,0,0,0,0,0,0,0,0.3333333333333333,অনেক কাল আগে যখন পাহাড়,3.0,0.0,0,3.0,0.0,0,2.25,0.4330127018922193,1,2.0,0.0,0,2.5625
422,openai_gpt-5.1,Manipuri (Meitei),P062,Sylhet (border areas),Human–Nature Relationship,5442,984,531,84,11.714285714285714,0.5396341463414634,0.9105240641711231,0.36585365853658536,0.0010193679918450561,0.7388211382113821,0,0,30.48780487804878,0,1,0.0,0.0,0,0,0,1,0,0,0,0,0,0,0,0,0,0,0,0,0,0,0.3888888888888889,চিঙ্গাই পাহাড়ের পাদদেশে ছোট্ট এক,3.0,0.0,0,3.25,0.4330127018922193,1,2.0,0.0,0,2.0,0.0,0,2.5625
423,openai_gpt-5.1,Manipuri (Meitei),P063,Sylhet (border areas),Moral Transgression and Consequence,6076,1063,609,95,11.189473684210526,0.5729068673565381,0.9283431952662722,0.39981185324553153,0.0009433962264150943,0.7384760112888052,0,0,20.696142991533396,0,1,0.940733772342427,0.0,0,0,3,1,0,0,0,0,3,0,0,0,0,0,0,0,0,0,0.125,সিলেটের পাহাড়ঘেরা এক মণিপুরি পাড়া,3.0,0.0,0,3.0,0.0,0,3.0,0.0,0,2.25,0.4330127018922193,1,2.8125
424,openai_gpt-5.1,Manipuri (Meitei),P064,Sylhet (border areas),Wisdom of an Elder,5512,974,562,91,10.703296703296703,0.5770020533880903,0.9272648648648649,0.4024640657084189,0.0,0.742299794661191,0,0,26.694045174537987,0,1,8.213552361396303,0.0,1,1,1,1,0,0,0,0,1,0,0,0,0,0,0,0,0,0,0.15384615384615385,সিলেটের দিকের এক ছোট্ট মানিপুরি,3.0,0.0,0,1.75,0.4330127018922193,1,3.0,0.0,0,3.0,0.0,0,2.6875
425,openai_gpt-5.1,Manipuri (Meitei),P065,Sylhet (border areas),Community Crisis,5294,940,542,81,11.604938271604938,0.5765957446808511,0.9174186307519641,0.39680851063829786,0.0,0.7074468085106383,0,0,26.595744680851062,1,1,1.0638297872340425,0.0,0,0,1,1,0,0,0,0,1,0,0,0,0,0,0,0,0,0,0.26666666666666666,চেরাং পাহাড়ের ঢালে ছোট্ট এক,2.75,0.4330127018922193,1,2.75,0.4330127018922193,1,3.25,0.4330127018922193,1,2.25,0.4330127018922193,1,2.75
426,openai_gpt-5.1,Manipuri (Meitei),P066,Sylhet (border areas),Rite of Passage,6035,1060,566,82,12.926829268292684,0.5339622641509434,0.9262512363996043,0.3490566037735849,0.004730368968779565,0.719811320754717,0,0,32.075471698113205,1,1,8.49056603773585,0.0,0,0,2,2,0,0,0,0,2,0,0,0,0,0,0,0,0,0,0.0625,হাওর আর টিলার মাঝখানে ছোট্ট,3.0,0.0,0,4.25,0.4330127018922193,1,3.0,0.0,0,2.0,0.0,0,3.0625
427,openai_gpt-5.1,Manipuri (Meitei),P067,Sylhet (border areas),Trickster or Clever Figure,4648,827,492,85,9.729411764705882,0.5949214026602176,0.9110796915167095,0.4159613059250302,0.0012135922330097086,0.7182587666263603,0,0,9.673518742442564,0,1,22.97460701330109,0.0,2,0,2,2,0,1,0,0,2,1,0,0,0,0,0,0,0,0,0.21428571428571427,সিলেটের পাহাড়ছাওয়া এক উপত্যকায় ছিল,3.25,0.4330127018922193,1,3.0,0.0,0,2.25,1.299038105676658,3,2.0,0.0,0,2.625
428,openai_gpt-5.1,Manipuri (Meitei),P068,Sylhet (border areas),Sacred or Forbidden Space,5430,984,554,77,12.779220779220779,0.5630081300813008,0.9232513368983958,0.3821138211382114,0.0010193679918450561,0.7134146341463414,0,0,11.178861788617887,0,1,13.211382113821138,0.0,2,0,1,2,0,0,0,0,1,0,0,0,0,0,0,0,0,0,0.3157894736842105,হাওরের কুয়াশা উঠে এসে যখন,3.0,0.0,0,3.0,0.0,0,3.0,0.0,0,2.0,0.0,0,2.75
429,openai_gpt-5.1,Manipuri (Meitei),P069,Sylhet (border areas),Everyday Life Narrative,5153,926,504,83,11.156626506024097,0.5442764578833693,0.9320410490307868,0.3369330453563715,0.0,0.7591792656587473,0,0,21.598272138228943,0,1,3.239740820734341,0.0,0,0,2,0,0,0,0,0,2,0,0,0,0,0,0,0,0,0,0.2,পাহাড়ি ঢাল আর সবুজ চা,3.25,0.4330127018922193,1,2.0,0.0,0,3.0,0.0,0,2.0,0.0,0,2.5625
430,openai_gpt-5.1,Manipuri (Meitei),P070,Sylhet (border areas),Change and Continuity,4613,819,486,72,11.375,0.5934065934065934,0.9161818181818182,0.4163614163614164,0.0,0.724053724053724,0,0,25.641025641025642,0,1,20.757020757020758,0.0,0,0,1,0,0,0,0,0,1,0,0,0,0,0,0,0,0,0,0.0,মেঘে ঢাকা পাহাড়ের কোলে ছোট্ট,3.0,0.0,0,3.0,0.0,0,2.0,0.0,0,3.25,0.4330127018922193,1,2.8125
431,openai_gpt-5.1,Mro,P071,Bandarban,Origin Story,5065,914,462,56,16.321428571428573,0.5054704595185996,0.8903815028901734,0.31181619256017507,0.005488474204171241,0.7013129102844639,0,0,12.035010940919037,0,1,5.470459518599562,0.0,1,0,0,1,0,0,0,0,0,0,0,0,0,0,0,0,0,0,0.3333333333333333,এই পাহাড়ি দেশে যখন এখনকার,2.75,0.4330127018922193,1,3.25,0.4330127018922193,1,1.75,0.4330127018922193,1,3.0,0.0,0,2.6875
432,openai_gpt-5.1,Mro,P072,Bandarban,Human–Nature Relationship,6616,1185,614,94,12.606382978723405,0.5181434599156118,0.9043838028169013,0.33839662447257385,0.0,0.6945147679324895,0,0,22.78481012658228,0,1,0.8438818565400844,0.0,2,0,0,1,0,0,0,1,1,0,0,0,0,0,0,0,0,0,0.3333333333333333,অনেক দিন আগের কথা তখন,3.0,0.0,0,3.75,0.4330127018922193,1,1.75,0.4330127018922193,1,1.25,0.4330127018922193,1,2.4375
433,openai_gpt-5.1,Mro,P073,Bandarban,Moral Transgression and Consequence,6661,1200,602,98,12.244897959183673,0.5016666666666667,0.905543006081668,0.325,0.0,0.6908333333333333,0,0,7.5,0,1,18.333333333333332,0.0,1,0,0,2,0,0,0,0,0,0,0,0,0,0,0,0,0,0,0.0,অনেক দিন আগের কথা মেঘ,3.0,0.0,0,3.0,0.0,0,3.25,0.4330127018922193,1,2.0,0.0,0,2.8125
434,openai_gpt-5.1,Mro,P074,Bandarban,Wisdom of an Elder,5541,961,535,90,10.677777777777777,0.5567117585848075,0.9043640350877192,0.3777315296566077,0.0,0.6930280957336108,0,0,9.365244536940686,0,1,23.93340270551509,0.0,4,0,0,1,0,0,0,0,0,0,0,0,0,0,0,0,0,0,0.0,পাহাড়ের ঢালে ছড়িয়ে থাকা বাঁশ,3.0,0.0,0,3.0,0.0,0,3.0,0.0,0,2.0,0.0,0,2.75
435,openai_gpt-5.1,Mro,P075,Bandarban,Community Crisis,6437,1152,613,85,13.552941176470588,0.5321180555555556,0.9182774252039891,0.359375,0.0,0.7109375,0,0,24.305555555555557,0,1,12.152777777777779,0.0,0,0,0,3,0,0,0,0,0,0,0,0,0,0,0,0,0,0,0.26666666666666666,পাহাড়ের কোল ঘেঁষে কুয়াশা আর,3.0,0.0,0,3.5,0.8660254037844386,2,2.0,0.0,0,2.0,0.0,0,2.625
436,openai_gpt-5.1,Mro,P076,Bandarban,Rite of Passage,6035,1049,597,96,10.927083333333334,0.5691134413727359,0.9171,0.38608198284080075,0.0,0.7178265014299333,0,0,22.8789323164919,0,1,14.299332697807436,0.0,1,0,0,1,0,0,0,0,0,0,0,0,0,0,0,0,0,0,0.125,এক ছিল বহু দূরের পাহাড়ের,4.0,0.0,0,4.0,0.0,0,3.0,0.0,0,3.0,0.0,0,3.5
437,openai_gpt-5.1,Mro,P077,Bandarban,Trickster or Clever Figure,5195,929,527,69,13.46376811594203,0.5672766415500539,0.9316818181818182,0.3821313240043057,0.0,0.7319698600645855,0,0,17.222820236813778,0,1,11.840688912809473,0.0,0,0,0,1,0,1,0,1,2,0,0,0,0,0,0,0,0,0,0.14285714285714285,পাহাড়ঘেরা এক গাঁয়ে অনেক দিন,3.0,0.0,0,1.75,0.4330127018922193,1,3.0,0.0,0,3.0,0.0,0,2.6875
438,openai_gpt-5.1,Mro,P078,Bandarban,Sacred or Forbidden Space,5225,940,524,76,12.368421052631579,0.5574468085106383,0.9149270482603816,0.37340425531914895,0.0,0.6829787234042554,0,0,20.21276595744681,0,1,5.319148936170213,0.0,0,0,0,1,0,0,0,0,0,0,0,0,0,0,0,0,0,0,0.3157894736842105,শুনে রেখো এ গল্প পাহাড়ের,3.0,0.0,0,3.0,0.0,0,2.75,1.299038105676658,3,3.5,0.8660254037844386,2,3.0625
439,openai_gpt-5.1,Mro,P079,Bandarban,Everyday Life Narrative,5256,941,522,73,12.89041095890411,0.5547290116896918,0.9292600896860986,0.36663124335812963,0.0,0.7194473963868225,0,0,12.75239107332625,0,1,18.065887353878853,0.0,0,1,0,0,0,0,0,0,0,0,0,0,0,0,0,0,0,0,0.26666666666666666,বহুদিন আগের কথা দূর পাহাড়ের,2.0,0.0,0,3.0,0.0,0,3.0,0.0,0,2.0,0.0,0,2.5
440,openai_gpt-5.1,Mro,P080,Bandarban,Change and Continuity,5664,1046,531,70,14.942857142857143,0.5076481835564054,0.8984754262788365,0.32887189292543023,0.004793863854266539,0.6692160611854685,0,0,18.164435946462714,0,1,15.296367112810707,0.0,0,0,0,2,0,0,0,0,0,0,0,0,0,0,0,0,0,0,0.4,অনেক কাল আগের কথা পাহাড়ের,2.0,0.0,0,3.0,0.0,0,2.75,0.4330127018922193,1,2.0,0.0,0,2.4375
441,openai_gpt-5.1,Tripura,P081,Chittagong Hill Tracts,Origin Story,5201,944,506,80,11.8,0.5360169491525424,0.9082011173184358,0.3548728813559322,0.0,0.6864406779661016,0,0,19.06779661016949,0,1,6.3559322033898304,0.0,1,0,0,2,0,0,0,0,0,0,0,0,0,0,0,0,0,0,0.2222222222222222,অনেক কাল আগে যখন পাহাড়ের,2.0,0.0,0,3.0,0.0,0,3.0,0.0,0,2.0,0.0,0,2.5
442,openai_gpt-5.1,Tripura,P082,Chittagong Hill Tracts,Human–Nature Relationship,5572,1015,554,72,14.097222222222221,0.5458128078817734,0.917536231884058,0.3812807881773399,0.0009881422924901185,0.69064039408867,0,0,24.63054187192118,0,1,0.9852216748768473,0.0,1,0,0,1,0,0,0,0,0,0,0,0,0,0,0,0,0,0,0.3888888888888889,লোককথা পাহাড়ের ছায়া আর নদীর,4.0,0.0,0,4.0,0.0,0,4.25,0.82915619758885,2,3.0,0.0,0,3.8125
443,openai_gpt-5.1,Tripura,P083,Chittagong Hill Tracts,Moral Transgression and Consequence,6470,1174,606,88,13.340909090909092,0.5161839863713799,0.9122488888888889,0.33560477001703576,0.0,0.7120954003407155,0,0,22.998296422487222,0,1,11.925042589437819,0.0,0,0,0,2,0,0,0,0,0,0,0,0,0,0,0,0,0,0,0.1875,অনেক দিন আগের কথা যখন,4.0,0.0,0,3.0,0.0,0,2.75,0.4330127018922193,1,2.0,0.0,0,2.9375
444,openai_gpt-5.1,Tripura,P084,Chittagong Hill Tracts,Wisdom of an Elder,4865,875,491,79,11.075949367088608,0.5611428571428572,0.909588377723971,0.38742857142857146,0.0011467889908256881,0.7097142857142857,0,0,13.714285714285714,0,1,27.428571428571427,0.0,0,0,0,1,0,0,0,0,0,0,0,0,0,0,0,0,0,0,0.15384615384615385,শুনে রাখো পাহাড়ের বাতাস যেমন,4.0,0.0,0,3.0,0.0,0,3.0,0.0,0,3.0,0.0,0,3.25
445,openai_gpt-5.1,Tripura,P085,Chittagong Hill Tracts,Community Crisis,5245,939,544,78,12.038461538461538,0.5793397231096912,0.912314606741573,0.3993610223642173,0.0,0.7188498402555911,0,0,10.649627263045794,0,1,18.104366347177848,0.0,1,0,0,0,0,0,0,0,0,0,0,0,0,0,0,0,0,0,0.2,শোনো তবে পাহাড়ের কোলে এক,3.0,0.0,0,3.25,0.4330127018922193,1,2.75,0.4330127018922193,1,2.0,0.0,0,2.75
446,openai_gpt-5.1,Tripura,P086,Chittagong Hill Tracts,Rite of Passage,5046,902,500,71,12.704225352112676,0.5543237250554324,0.9185932004689331,0.38248337028824836,0.0011123470522803114,0.6995565410199557,0,0,21.06430155210643,0,1,2.2172949002217295,0.0,0,0,1,1,0,0,0,0,1,0,0,0,0,0,0,0,0,0,0.0,পাহাড়ের ঢালে বাঁশবাগানের আড়ালে ছিল,2.0,0.0,0,2.0,0.0,0,3.0,0.0,0,2.0,0.0,0,2.25
447,openai_gpt-5.1,Tripura,P087,Chittagong Hill Tracts,Trickster or Clever Figure,5004,918,524,77,11.922077922077921,0.5708061002178649,0.9202761795166858,0.3867102396514161,0.0,0.7004357298474946,0,0,7.625272331154684,0,1,16.33986928104575,0.0,2,0,0,2,0,0,0,1,1,0,0,0,0,0,0,0,0,0,0.07142857142857142,অনেক দিন আগের কথা পাহাড়ি,4.0,0.0,0,4.0,0.0,0,4.5,0.8660254037844386,2,3.0,0.0,0,3.875
448,openai_gpt-5.1,Tripura,P088,Chittagong Hill Tracts,Sacred or Forbidden Space,4989,884,489,71,12.450704225352112,0.5531674208144797,0.8961437125748503,0.38009049773755654,0.0,0.7307692307692307,0,0,12.44343891402715,0,1,14.705882352941176,0.0,0,0,0,2,0,0,0,0,0,0,0,0,0,0,0,0,0,0,0.3684210526315789,অনেক দিন আগে ত্রিপুরা এক,4.0,0.0,0,4.0,0.0,0,2.5,0.5,1,3.0,0.0,0,3.375
449,openai_gpt-5.1,Tripura,P089,Chittagong Hill Tracts,Everyday Life Narrative,5306,942,550,93,10.129032258064516,0.583864118895966,0.9458902575587905,0.40552016985138006,0.004259850905218318,0.7515923566878981,0,0,33.97027600849257,0,1,18.046709129511676,0.0,0,0,0,0,0,0,0,0,0,0,0,0,0,0,0,0,0,0,0.2,পাহাড়ের ঢালে ঘন শালের বনের,2.0,0.0,0,3.0,0.0,0,2.75,0.4330127018922193,1,2.0,0.0,0,2.4375
450,openai_gpt-5.1,Tripura,P090,Chittagong Hill Tracts,Change and Continuity,4822,858,521,54,15.88888888888889,0.6072261072261073,0.9201977750309023,0.4347319347319347,0.0011695906432748538,0.752913752913753,0,0,27.972027972027973,0,1,5.827505827505828,0.0,2,0,1,1,0,0,0,0,1,0,0,0,0,0,0,0,0,0,0.0,শোনো তবে পাহাড়ের কোলে গোঁজানো,2.0,0.0,0,2.0,0.0,0,3.0,0.0,0,2.0,0.0,0,2.25
451,openai_gpt-5.1,Oraon (Kurukh),P091,North Bengal,Origin Story,5020,923,509,79,11.683544303797468,0.551462621885157,0.9036384439359267,0.361863488624052,0.0,0.7063921993499458,0,0,15.167930660888407,2,1,14.084507042253522,0.0,0,0,1,1,0,0,0,0,0,1,1,0,0,0,0,0,0,0,0.2777777777777778,আমাদের দাদুদের দাদুরা বলতেন এ,3.0,0.0,0,3.0,0.0,0,2.0,0.0,0,2.0,0.0,0,2.5
452,openai_gpt-5.1,Oraon (Kurukh),P092,North Bengal,Human–Nature Relationship,5272,977,552,78,12.525641025641026,0.5649948822927329,0.9035991379310344,0.3930399181166837,0.0,0.7195496417604913,0,0,18.42374616171955,1,1,8.18833162743091,0.0,0,0,0,1,0,0,0,0,0,0,0,0,0,0,0,0,0,1,0.3888888888888889,অনেক দিন আগের কথা উত্তরের,4.0,0.0,0,2.25,0.4330127018922193,1,2.0,0.0,0,1.0,0.0,0,2.3125
453,openai_gpt-5.1,Oraon (Kurukh),P093,North Bengal,Moral Transgression and Consequence,5051,914,538,79,11.569620253164556,0.5886214442013129,0.918728323699422,0.42669584245076586,0.0,0.7297592997811816,0,0,19.693654266958426,0,1,17.505470459518598,0.0,1,0,2,3,0,0,0,0,0,2,2,0,0,0,0,0,0,0,0.0,রাজশাহীর দিকের এক ওরাঁও পল্লি,3.0,0.0,0,2.0,0.0,0,3.0,0.0,0,3.0,0.0,0,2.75
454,openai_gpt-5.1,Oraon (Kurukh),P094,North Bengal,Wisdom of an Elder,5662,1003,559,93,10.78494623655914,0.5573280159521435,0.9272955974842767,0.39282153539381853,0.0,0.732801595214357,0,0,25.922233300099702,1,1,0.9970089730807578,0.0,1,0,0,1,0,0,0,1,1,0,0,0,0,0,0,0,1,0,0.15384615384615385,গিরিপথ ঘেঁষে ছোট্ট একটা ওঁরাও,4.0,0.0,0,3.0,0.0,0,2.0,0.0,0,3.0,0.0,0,3.0
455,openai_gpt-5.1,Oraon (Kurukh),P095,North Bengal,Community Crisis,5377,963,555,77,12.506493506493506,0.5763239875389408,0.921269146608315,0.3883696780893043,0.0,0.7258566978193146,0,0,14.537902388369679,0,1,15.576323987538942,0.0,0,0,0,1,0,0,0,0,0,0,0,0,0,0,0,0,0,0,0.06666666666666667,বর্ষার ঠিক আগের দিক পাহাড়ঘেরা,2.0,0.0,0,2.75,0.4330127018922193,1,2.0,0.0,0,3.0,0.0,0,2.4375
456,openai_gpt-5.1,Oraon (Kurukh),P096,North Bengal,Rite of Passage,5371,957,554,78,12.26923076923077,0.5788923719958202,0.9165638766519824,0.3949843260188088,0.0010482180293501049,0.7314524555903866,0,0,21.9435736677116,0,1,0.0,0.0,1,0,0,0,0,0,0,0,0,0,0,0,0,0,0,0,1,0,0.125,সালজঙ্গলে ঘেরা এক ওঁরাঁও পাড়া,3.0,0.0,0,3.0,0.0,0,3.0,0.0,0,2.0,0.0,0,2.75
457,openai_gpt-5.1,Oraon (Kurukh),P097,North Bengal,Trickster or Clever Figure,5703,1019,542,102,9.990196078431373,0.5318940137389597,0.9195051546391753,0.35819430814524045,0.000984251968503937,0.7006869479882237,0,0,27.47791952894995,1,1,22.571148184494604,0.0,3,1,0,1,0,1,0,1,1,1,0,0,0,0,0,0,0,0,0.21428571428571427,অনেক দিন আগের কথা উত্তরের,1.75,0.4330127018922193,1,3.0,0.0,0,3.0,0.0,0,2.75,0.4330127018922193,1,2.625
458,openai_gpt-5.1,Oraon (Kurukh),P098,North Bengal,Sacred or Forbidden Space,5727,1005,576,78,12.884615384615385,0.573134328358209,0.9296652719665272,0.3870646766169154,0.0,0.6915422885572139,0,0,21.890547263681594,0,1,15.92039800995025,0.0,0,0,0,1,0,0,0,0,0,0,0,0,0,0,0,0,0,0,0.3157894736842105,পাহাড়ঘেরা এক উপত্যকায় ছিল ওরাওঁদের,3.25,0.4330127018922193,1,3.0,0.0,0,3.0,0.0,0,2.25,0.4330127018922193,1,2.875
459,openai_gpt-5.1,Oraon (Kurukh),P099,North Bengal,Everyday Life Narrative,5253,969,531,78,12.423076923076923,0.5479876160990712,0.9255652173913044,0.35810113519091846,0.002070393374741201,0.7337461300309598,0,0,12.38390092879257,0,1,10.319917440660475,0.0,1,0,1,0,0,0,0,1,1,1,1,0,0,0,0,0,0,0,0.2,উত্তরের এক গ্রামের কথা গাঁয়ের,4.0,0.0,0,3.0,0.0,0,3.0,0.0,0,3.0,0.0,0,3.25
460,openai_gpt-5.1,Oraon (Kurukh),P100,North Bengal,Change and Continuity,5363,965,509,81,11.91358024691358,0.5274611398963731,0.9071615720524018,0.34404145077720205,0.0010395010395010396,0.6974093264248704,0,0,11.398963730569948,0,1,31.088082901554404,0.0,2,0,0,1,0,0,0,0,0,0,0,0,0,0,0,0,0,0,0.2,শোনো উত্তরের টালমাটাল হাওয়ার দেশে,2.5,0.8660254037844386,2,3.0,0.0,0,2.5,0.5,1,2.75,0.4330127018922193,1,2.6875
461,openai_gpt-5.1,Hajong,P101,Mymensingh,Origin Story,4784,874,482,64,13.65625,0.551487414187643,0.8983515151515151,0.39931350114416475,0.001148105625717566,0.6372997711670481,0,0,12.585812356979405,0,1,18.30663615560641,0.0,2,0,0,1,0,0,0,0,0,0,0,0,0,0,0,0,0,0,0.2222222222222222,যখন এদেশের ধানক্ষেতে এখনো বুনো,2.0,0.0,0,3.0,0.0,0,3.0,0.0,0,2.0,0.0,0,2.5
462,openai_gpt-5.1,Hajong,P102,Mymensingh,Human–Nature Relationship,5270,947,528,83,11.409638554216867,0.5575501583949314,0.920467706013363,0.3727560718057022,0.0,0.73389651531151,0,0,17.95142555438226,0,1,0.0,0.0,1,0,0,1,0,0,0,1,1,0,0,0,0,0,0,0,0,0,0.3333333333333333,অনেক দিন আগের কথা পাহাড়ের,3.75,0.4330127018922193,1,3.0,0.0,0,3.0,0.0,0,3.0,0.0,0,3.1875
463,openai_gpt-5.1,Hajong,P103,Mymensingh,Moral Transgression and Consequence,4961,926,506,81,11.432098765432098,0.5464362850971922,0.909806157354618,0.3833693304535637,0.0,0.6879049676025918,0,0,19.43844492440605,0,1,20.518358531317496,0.0,2,0,0,1,0,0,0,0,0,0,0,0,0,0,0,0,0,0,0.125,শোনো তবে হাওরের ধারে এক,2.5,0.8660254037844386,2,3.0,0.0,0,3.0,0.0,0,4.5,0.8660254037844386,2,3.25
464,openai_gpt-5.1,Hajong,P104,Mymensingh,Wisdom of an Elder,5279,961,529,90,10.677777777777777,0.5504682622268471,0.9274561403508772,0.37356919875130074,0.0010438413361169101,0.7242455775234131,0,0,28.09573361082206,0,1,23.93340270551509,0.0,1,0,1,1,0,0,0,0,1,0,0,0,0,0,0,0,0,0,0.07692307692307693,উপত্যকার কিনারায় ঝিরিঝিরি জলের ধার,4.0,0.0,0,3.0,0.0,0,1.5,0.8660254037844386,2,2.0,0.0,0,2.625
465,openai_gpt-5.1,Hajong,P105,Mymensingh,Community Crisis,5201,951,531,75,12.68,0.5583596214511041,0.9201330376940133,0.38065194532071506,0.0,0.7171398527865405,0,0,24.185068349106203,0,1,0.0,0.0,1,0,0,2,0,0,0,0,0,0,0,0,0,0,0,0,0,0,0.13333333333333333,শোনো তবে পাহাড়ের কোল ঘেঁষে,4.0,0.0,0,2.0,0.0,0,3.0,0.0,0,2.0,0.0,0,2.75
466,openai_gpt-5.1,Hajong,P106,Mymensingh,Rite of Passage,6193,1099,593,92,11.945652173913043,0.5395814376706096,0.9207238095238095,0.3612374886260237,0.0,0.7361237488626023,0,0,14.558689717925386,0,1,15.468607825295724,0.0,0,0,1,1,0,0,0,0,1,0,0,0,0,0,0,0,0,0,0.1875,এক সময়ের কথা পাহাড়ঘেরা এক,4.0,0.0,0,3.25,0.4330127018922193,1,3.0,0.0,0,3.0,0.0,0,3.3125
467,openai_gpt-5.1,Hajong,P107,Mymensingh,Trickster or Clever Figure,3649,667,395,68,9.808823529411764,0.5922038980509745,0.9096116504854369,0.41379310344827586,0.006024096385542169,0.6746626686656672,0,0,11.994002998500749,1,1,32.98350824587706,0.0,0,0,0,0,0,0,0,0,0,0,0,0,0,0,0,0,0,0,0.07142857142857142,পাহাড়ের কোল ঘেঁষে এক সবুজ,3.0,0.0,0,4.0,0.0,0,3.0,0.0,0,3.0,0.0,0,3.25
468,openai_gpt-5.1,Hajong,P108,Mymensingh,Sacred or Forbidden Space,5071,912,515,67,13.611940298507463,0.5646929824561403,0.9104055619930475,0.38706140350877194,0.0,0.6732456140350878,0,0,21.92982456140351,0,1,2.192982456140351,0.0,0,0,1,1,0,0,0,0,1,0,0,0,0,0,0,0,0,0,0.2631578947368421,হাজং গ্রাম আরামপাড়ার এক প্রান্তে,3.0,0.0,0,4.0,0.0,0,3.0,0.0,0,3.0,0.0,0,3.25
469,openai_gpt-5.1,Hajong,P109,Mymensingh,Everyday Life Narrative,5162,938,520,71,13.211267605633802,0.5543710021321961,0.9271091113610799,0.37100213219616207,0.0021390374331550803,0.7356076759061834,0,0,24.520255863539447,0,1,1.0660980810234542,0.0,0,0,0,1,0,0,0,0,0,0,0,0,0,0,0,0,0,0,0.26666666666666666,হাওরের ধারে শাল গজারির বনের,3.0,0.0,0,4.0,0.0,0,1.5,0.8660254037844386,2,3.0,0.0,0,2.875
470,openai_gpt-5.1,Hajong,P110,Mymensingh,Change and Continuity,4997,901,495,71,12.690140845070422,0.5493895671476138,0.8984037558685447,0.37735849056603776,0.0011135857461024498,0.6958934517203108,0,0,23.307436182019977,0,1,14.428412874583795,0.0,0,0,0,1,0,0,0,0,0,0,0,0,0,0,0,0,0,0,0.4,গরো পাহাড়ের ঢালু থেকে একটু,2.5,0.5,1,4.0,0.0,0,3.0,0.0,0,3.0,0.0,0,3.125
471,openai_gpt-5.1,Rakhine,P111,"Cox's Bazar, coastal areas",Origin Story,4778,850,493,63,13.492063492063492,0.58,0.9166541822721598,0.40705882352941175,0.0,0.68,0,0,14.117647058823529,0,1,17.647058823529413,0.0,0,0,0,0,0,0,0,0,0,0,0,0,0,0,0,0,0,0,0.3333333333333333,কক্সবাজারের উপকূলে যেখানে সমুদ্রের ঢেউ,4.25,0.4330127018922193,1,4.0,0.0,0,4.0,0.0,0,3.0,0.0,0,3.8125
472,openai_gpt-5.1,Rakhine,P112,"Cox's Bazar, coastal areas",Human–Nature Relationship,5462,978,547,88,11.113636363636363,0.5593047034764826,0.9270182992465017,0.3834355828220859,0.0,0.7321063394683026,0,0,24.539877300613497,0,1,4.08997955010225,0.0,0,0,0,0,0,2,0,0,2,0,0,0,0,0,0,0,0,0,0.4444444444444444,সমুদ্রের গর্জন আর পাহাড়ের নীল,3.0,0.0,0,3.0,0.0,0,1.25,0.4330127018922193,1,3.0,0.0,0,2.5625
473,openai_gpt-5.1,Rakhine,P113,"Cox's Bazar, coastal areas",Moral Transgression and Consequence,5547,960,562,90,10.666666666666666,0.5854166666666667,0.9349725576289791,0.41458333333333336,0.0010449320794148381,0.75,0,0,22.916666666666668,0,1,0.0,0.0,1,0,1,2,0,3,0,0,3,1,1,0,0,0,0,0,0,0,0.125,সমুদ্রের ধারে লালচে বালির ওপর,3.0,0.0,0,3.0,0.0,0,3.0,0.0,0,3.0,0.0,0,3.0
474,openai_gpt-5.1,Rakhine,P114,"Cox's Bazar, coastal areas",Wisdom of an Elder,5575,1009,532,88,11.465909090909092,0.5272547076313181,0.9194375,0.3458870168483647,0.0009940357852882703,0.6917740336967294,0,0,17.839444995044598,0,1,5.946481665014867,0.0,0,1,0,0,0,2,0,0,2,0,0,0,0,0,0,0,1,0,0.3076923076923077,শুনেছি সমুদ্রের ধারে বালুর টিলার,3.0,0.0,0,3.0,0.0,0,2.0,0.0,0,3.0,0.0,0,2.75
475,openai_gpt-5.1,Rakhine,P115,"Cox's Bazar, coastal areas",Community Crisis,5312,948,533,75,12.64,0.5622362869198312,0.9199110122358176,0.37658227848101267,0.0031746031746031746,0.680379746835443,1,2,14.767932489451477,0,1,21.09704641350211,0.0,0,1,0,0,0,5,0,0,5,0,0,0,0,0,0,0,0,0,0.26666666666666666,কতকাল আগে যখন সমুদ্রের জলে,3.0,0.0,0,3.0,0.0,0,2.5,0.8660254037844386,2,2.0,0.0,0,2.625
476,openai_gpt-5.1,Rakhine,P116,"Cox's Bazar, coastal areas",Rite of Passage,5755,1001,564,63,15.88888888888889,0.5634365634365635,0.9196638655462185,0.3906093906093906,0.0,0.7492507492507493,0,0,14.985014985014985,0,1,12.987012987012987,0.0,0,0,0,0,0,3,0,0,3,0,0,0,0,0,0,0,0,0,0.25,সমুদ্রের ধারে এক রাখাইন গ্রাম,3.0,0.0,0,3.0,0.0,0,2.0,0.0,0,2.0,0.0,0,2.5
477,openai_gpt-5.1,Rakhine,P117,"Cox's Bazar, coastal areas",Trickster or Clever Figure,4276,783,459,69,11.347826086956522,0.5862068965517241,0.9231880108991826,0.4074074074074074,0.0,0.7343550446998723,0,0,8.939974457215836,0,1,15.32567049808429,0.0,0,0,1,2,0,2,0,0,2,1,1,0,0,0,0,0,0,0,0.14285714285714285,সাগর পাড়ের এক রাখাইন পল্লী,3.0,0.0,0,3.0,0.0,0,1.5,0.5,1,2.0,0.0,0,2.375
478,openai_gpt-5.1,Rakhine,P118,"Cox's Bazar, coastal areas",Sacred or Forbidden Space,5888,1050,570,76,13.81578947368421,0.5428571428571428,0.9215984015984016,0.36857142857142855,0.0,0.7466666666666667,0,0,17.142857142857142,0,1,14.285714285714286,0.0,1,0,1,3,0,1,0,0,1,1,1,0,0,0,0,0,0,0,0.3157894736842105,শোনো তবে সমুদ্রের ধারে নারকেল,2.75,0.4330127018922193,1,3.0,0.0,0,2.0,0.0,0,2.25,0.4330127018922193,1,2.5
479,openai_gpt-5.1,Rakhine,P119,"Cox's Bazar, coastal areas",Everyday Life Narrative,5562,997,568,78,12.782051282051283,0.5697091273821464,0.9325316455696202,0.3881644934804413,0.0,0.794383149448345,0,0,18.05416248746239,0,1,1.0030090270812437,0.0,0,0,0,0,0,1,0,0,1,0,0,0,0,0,0,0,0,0,0.13333333333333333,কক্সবাজার পটুয়াখালীর মাঝের কোনো এক,3.75,0.4330127018922193,1,3.0,0.0,0,2.0,0.0,0,3.0,0.0,0,2.9375
480,openai_gpt-5.1,Rakhine,P120,"Cox's Bazar, coastal areas",Change and Continuity,5591,989,535,77,12.844155844155845,0.5409504550050556,0.9155319148936171,0.35490394337714865,0.0,0.7148634984833164,0,0,16.177957532861477,0,1,9.100101112234581,0.0,0,0,0,0,0,1,0,0,1,0,0,0,0,0,0,0,0,0,0.3,দক্ষিণের নোনা হাওয়ার দেশে যেখানে,3.25,0.4330127018922193,1,3.0,0.0,0,2.0,0.0,0,3.0,0.0,0,2.8125
481,qwen_qwen3-8b,Bengali,P001,Bangladesh-Scoped,Origin Story,1762,324,157,22,14.727272727272727,0.4845679012345679,0.8231272727272728,0.2932098765432099,0.012461059190031152,0.6172839506172839,1,1,0.0,0,1,0.0,0.0,1,1,0,1,0,0,0,0,0,0,0,0,0,0,0,0,0,0,0.16666666666666666,গোটা বন ঘুরে বেড়ানো ছাড়া,1.0,0.0,0,2.0,0.0,0,1.0,0.0,0,1.25,0.4330127018922193,1,1.3125
482,qwen_qwen3-8b,Bengali,P002,Bangladesh-Scoped,Human–Nature Relationship,1894,328,170,33,9.93939393939394,0.5182926829268293,0.8572043010752688,0.3079268292682927,0.036923076923076927,0.6067073170731707,1,1,0.0,0,1,0.0,0.0,0,1,0,0,0,0,0,0,0,0,0,0,0,0,0,0,0,0,0.4444444444444444,পাহাড়ের সাথে বাস করা বাংলাদেশের,1.0,0.0,0,1.75,0.4330127018922193,1,1.0,0.0,0,2.0,0.0,0,1.4375
483,qwen_qwen3-8b,Bengali,P003,Bangladesh-Scoped,Moral Transgression and Consequence,3257,606,149,69,8.782608695652174,0.24587458745874588,0.6972351885098743,0.11551155115511551,0.34328358208955223,0.5808580858085809,1,1,0.0,0,1,0.0,0.0,0,0,0,0,0,0,0,0,0,0,0,0,0,0,0,0,0,0,0.25,ঘরে ঘরে যাওয়া ছাড়া কোন,2.0,0.0,0,1.0,0.0,0,1.0,0.0,0,1.0,0.0,0,1.25
484,qwen_qwen3-8b,Bengali,P004,Bangladesh-Scoped,Wisdom of an Elder,2299,425,199,40,10.625,0.4682352941176471,0.7992021276595744,0.2776470588235294,0.0071090047393364926,0.5223529411764706,1,1,0.0,0,1,25.88235294117647,0.0,0,0,0,0,0,0,0,0,0,0,0,0,0,0,0,0,0,0,0.0,লোকজ গল্প বাঁধনের গুহা বাংলাদেশের,1.0,0.0,0,2.25,0.4330127018922193,1,2.0,0.0,0,1.0,0.0,0,1.5625
485,qwen_qwen3-8b,Bengali,P005,Bangladesh-Scoped,Community Crisis,1418,263,136,27,9.74074074074074,0.5171102661596958,0.7761682242990654,0.2889733840304182,0.015384615384615385,0.6007604562737643,1,1,0.0,0,1,19.011406844106464,0.0,0,0,0,2,0,0,0,0,0,0,0,0,0,0,0,0,0,0,0.13333333333333333,খরার পর প্রাণ বাংলাদেশের একটি,1.25,0.4330127018922193,1,2.0,0.0,0,1.0,0.0,0,1.0,0.0,0,1.3125
486,qwen_qwen3-8b,Bengali,P006,Bangladesh-Scoped,Rite of Passage,1920,321,157,27,11.88888888888889,0.48909657320872274,0.8045588235294118,0.30218068535825543,0.006289308176100629,0.6573208722741433,1,1,0.0,0,1,0.0,0.0,0,0,1,0,0,0,0,0,1,0,0,0,0,0,0,0,0,0,0.125,বাংলাদেশের একটি লোকজ গল্প বাংলাদেশের,1.0,0.0,0,1.0,0.0,0,1.0,0.0,0,1.0,0.0,0,1.0
487,qwen_qwen3-8b,Bengali,P007,Bangladesh-Scoped,Trickster or Clever Figure,1829,335,155,30,11.166666666666666,0.4626865671641791,0.7792307692307692,0.26865671641791045,0.0030120481927710845,0.582089552238806,1,2,0.0,0,1,0.0,0.0,0,1,0,0,0,1,0,0,0,1,0,0,0,0,0,0,0,0,0.2857142857142857,চালাক মুকুট ও গোলাপের গাছ,2.0,0.0,0,2.0,0.0,0,1.0,0.0,0,1.0,0.0,0,1.5
488,qwen_qwen3-8b,Bengali,P008,Bangladesh-Scoped,Sacred or Forbidden Space,2169,408,205,38,10.736842105263158,0.5024509803921569,0.8589972144846797,0.30392156862745096,0.012345679012345678,0.571078431372549,1,1,0.0,0,1,0.0,0.0,0,0,2,0,0,0,0,0,2,0,0,0,0,0,0,0,0,0,0.2631578947368421,বাঁশি নদীর বিপরীত বাংলাদেশের একটি,1.0,0.0,0,2.0,0.0,0,2.0,0.0,0,1.0,0.0,0,1.5
489,qwen_qwen3-8b,Bengali,P009,Bangladesh-Scoped,Everyday Life Narrative,1911,318,166,31,10.258064516129032,0.5220125786163522,0.8121933085501858,0.3553459119496855,0.006349206349206349,0.6823899371069182,1,1,0.0,0,1,31.446540880503143,0.0,0,0,0,0,0,0,0,0,0,0,0,0,0,0,0,0,0,0,0.2,কৃষকের বাড়িতে সুখের সমাগম বাংলাদেশের,3.0,0.0,0,2.0,0.0,0,2.0,0.0,0,1.25,0.4330127018922193,1,2.0625
490,qwen_qwen3-8b,Bengali,P010,Bangladesh-Scoped,Change and Continuity,2061,418,76,31,13.483870967741936,0.18181818181818182,0.5506775067750678,0.08133971291866028,0.5156626506024097,0.39952153110047844,1,1,2.3923444976076556,0,1,0.0,0.0,0,0,0,0,0,0,0,0,0,0,0,0,0,0,0,0,0,0,0.0,পাড়ার পানি পিপাসা পশ্চিম বাংলার,3.0,0.0,0,3.75,0.4330127018922193,1,2.25,0.4330127018922193,1,1.25,0.4330127018922193,1,2.5625
491,qwen_qwen3-8b,Chakma,P011,Chittagong Hill Tracts,Origin Story,1863,342,161,34,10.058823529411764,0.47076023391812866,0.783617747440273,0.2982456140350877,0.032448377581120944,0.5847953216374269,1,1,0.0,0,1,17.54385964912281,0.0,0,0,1,1,0,0,0,0,0,1,1,0,0,0,0,0,0,0,0.16666666666666666,পাহাড়ি জলের গল্প পূর্বে চিত্তগং,1.25,0.4330127018922193,1,1.0,0.0,0,2.0,0.0,0,1.25,0.4330127018922193,1,1.375
492,qwen_qwen3-8b,Chakma,P012,Chittagong Hill Tracts,Human–Nature Relationship,1856,344,153,47,7.319148936170213,0.44476744186046513,0.8210847457627118,0.25872093023255816,0.005865102639296188,0.5465116279069767,1,1,0.0,0,1,0.0,0.0,0,0,0,0,0,0,0,0,0,0,0,0,0,0,0,0,0,0,0.16666666666666666,গল্প নদীর সাথে আলাপ বালুকা,1.25,0.4330127018922193,1,1.0,0.0,0,2.0,0.0,0,1.0,0.0,0,1.3125
493,qwen_qwen3-8b,Chakma,P013,Chittagong Hill Tracts,Moral Transgression and Consequence,1733,319,140,24,13.291666666666666,0.438871473354232,0.7622222222222222,0.25705329153605017,0.012658227848101266,0.5830721003134797,1,1,0.0,0,1,0.0,0.0,0,0,1,0,0,0,0,0,0,1,1,0,0,0,0,0,0,1,0.1875,গল্প বংগীয় কাহিনী বাংলাদেশের চাকমা,2.0,0.0,0,2.0,0.0,0,2.0,0.0,0,1.0,0.0,0,1.75
494,qwen_qwen3-8b,Chakma,P014,Chittagong Hill Tracts,Wisdom of an Elder,2326,423,168,47,9.0,0.3971631205673759,0.7759893048128341,0.21513002364066194,0.05238095238095238,0.5531914893617021,1,1,0.0,0,1,40.189125295508276,0.0,0,0,0,1,0,0,0,0,0,0,0,0,0,0,0,0,0,1,0.23076923076923078,গল্প বাঁশের বাঁধন পুরনো গাঁও,1.75,0.4330127018922193,1,2.0,0.0,0,1.0,0.0,0,1.0,0.0,0,1.4375
495,qwen_qwen3-8b,Chakma,P015,Chittagong Hill Tracts,Community Crisis,1650,292,167,28,10.428571428571429,0.571917808219178,0.8764609053497942,0.386986301369863,0.02422145328719723,0.7054794520547946,1,1,3.4246575342465753,0,1,13.698630136986301,0.0,1,1,1,1,0,1,0,0,1,1,1,0,0,0,0,0,0,0,0.2,গল্প খরার আঁধারে পানি খুঁজে,1.25,0.4330127018922193,1,1.75,1.299038105676658,3,2.0,0.0,0,1.25,0.4330127018922193,1,1.5625
496,qwen_qwen3-8b,Chakma,P016,Chittagong Hill Tracts,Rite of Passage,1901,327,190,24,13.625,0.581039755351682,0.8716546762589927,0.3761467889908257,0.0,0.6238532110091743,1,2,0.0,0,1,0.0,0.0,0,0,0,1,0,0,0,0,0,0,0,0,0,0,0,0,0,0,0.125,ঐতিহ্যবাহী পথে প্রথম আঁচড় বাঙালির,1.5,0.5,1,2.0,0.0,0,2.25,0.4330127018922193,1,1.0,0.0,0,1.6875
497,qwen_qwen3-8b,Chakma,P017,Chittagong Hill Tracts,Trickster or Clever Figure,2170,372,191,28,13.285714285714286,0.5134408602150538,0.8506501547987616,0.30376344086021506,0.07588075880758807,0.6720430107526881,1,2,0.0,0,1,0.0,0.0,0,0,1,0,0,1,0,0,1,1,1,0,0,0,0,0,0,0,0.5714285714285714,গল্প মুকুটের রাজা ও বুদ্ধিমান,2.0,0.0,0,2.75,0.4330127018922193,1,2.0,0.0,0,1.0,0.0,0,1.9375
498,qwen_qwen3-8b,Chakma,P018,Chittagong Hill Tracts,Sacred or Forbidden Space,1416,264,138,29,9.10344827586207,0.5227272727272727,0.7667906976744187,0.3446969696969697,0.0038314176245210726,0.6060606060606061,1,1,0.0,0,1,0.0,0.0,0,0,1,0,0,0,0,0,0,1,1,0,0,0,0,0,0,0,0.15789473684210525,নদীতে আঁচড়া ঝরনা পাহাড়ের গাছগুলো,2.0,0.0,0,2.0,0.0,0,1.0,0.0,0,1.0,0.0,0,1.5
499,qwen_qwen3-8b,Chakma,P019,Chittagong Hill Tracts,Everyday Life Narrative,1771,311,134,36,8.63888888888889,0.43086816720257237,0.7141984732824428,0.26688102893890675,0.07792207792207792,0.6366559485530546,1,2,0.0,0,1,0.0,0.0,0,0,1,0,0,0,0,0,0,1,1,0,0,0,0,0,0,0,0.13333333333333333,চাকমা পরিবারের আনন্দ আকাশ সূর্যাস্তে,3.0,0.0,0,2.25,0.4330127018922193,1,2.0,0.0,0,1.25,0.4330127018922193,1,2.125
500,qwen_qwen3-8b,Chakma,P020,Chittagong Hill Tracts,Change and Continuity,2004,347,176,32,10.84375,0.5072046109510087,0.8546979865771812,0.2824207492795389,0.011627906976744186,0.6051873198847262,1,1,0.0,0,1,0.0,0.0,0,0,1,2,0,0,0,0,0,1,1,0,0,0,0,0,0,0,0.6,প্রাচীন বনের কাহিনী বাংলাদেশের চাকমা,3.0,0.0,0,3.0,0.0,0,2.0,0.0,0,1.0,0.0,0,2.25
501,qwen_qwen3-8b,Marma,P021,Chittagong Hill Tracts,Origin Story,1828,299,144,32,9.34375,0.4816053511705686,0.7747200000000001,0.2842809364548495,0.0033783783783783786,0.6287625418060201,1,1,0.0,0,1,10.033444816053512,0.0,0,0,1,0,0,0,0,0,0,1,1,0,0,0,0,0,0,0,0.3888888888888889,মার্মা গোলাপের কাহিনি পূর্বে বাংলাদেশের,2.0,0.0,0,1.25,0.4330127018922193,1,2.0,0.0,0,1.25,0.4330127018922193,1,1.625
502,qwen_qwen3-8b,Marma,P022,Chittagong Hill Tracts,Human–Nature Relationship,1862,349,164,33,10.575757575757576,0.4699140401146132,0.8102,0.2693409742120344,0.028901734104046242,0.6074498567335244,1,1,0.0,0,1,0.0,0.0,0,0,0,0,0,0,0,0,0,0,0,0,0,0,0,0,0,0,0.3888888888888889,বনের আঁখি পূর্বে বাংলার কোনো,1.5,0.5,1,1.75,0.4330127018922193,1,1.75,0.4330127018922193,1,1.0,0.0,0,1.5
503,qwen_qwen3-8b,Marma,P023,Chittagong Hill Tracts,Moral Transgression and Consequence,3813,743,103,132,5.628787878787879,0.1386271870794078,0.5161383285302593,0.06729475100942127,0.677027027027027,0.6527590847913862,1,1,0.0,0,1,0.0,0.0,0,0,2,0,0,0,0,0,0,2,2,0,0,0,0,0,0,0,0.0625,প্রতিশোধ কাহিনী বাংলাদেশের মার্মা অঞ্চলে,3.0,0.0,0,1.75,0.4330127018922193,1,2.0,0.0,0,2.0,0.0,0,2.1875
504,qwen_qwen3-8b,Marma,P024,Chittagong Hill Tracts,Wisdom of an Elder,2017,368,166,39,9.435897435897436,0.45108695652173914,0.801191222570533,0.266304347826087,0.005479452054794521,0.5869565217391305,1,2,0.0,0,1,0.0,0.0,0,1,0,0,0,0,0,0,0,0,0,0,0,0,0,0,0,0,0.15384615384615385,গল্প বৃদ্ধ বাবু ও তরুণ,2.5,0.8660254037844386,2,3.0,0.0,0,2.0,0.0,0,1.25,0.4330127018922193,1,2.1875
505,qwen_qwen3-8b,Marma,P025,Chittagong Hill Tracts,Community Crisis,1178,216,127,20,10.8,0.5879629629629629,0.8317365269461078,0.3888888888888889,0.004694835680751174,0.6990740740740741,1,1,4.62962962962963,0,1,0.0,0.0,0,0,0,0,0,0,0,0,0,0,0,0,0,0,0,0,0,0,0.06666666666666667,পাহাড়ি প্রাণের গল্প বারুন মাসে,1.75,0.4330127018922193,1,2.0,0.0,0,2.0,0.0,0,1.0,0.0,0,1.6875
506,qwen_qwen3-8b,Marma,P026,Chittagong Hill Tracts,Rite of Passage,1945,318,139,28,11.357142857142858,0.4371069182389937,0.7000000000000001,0.29245283018867924,0.07301587301587302,0.6918238993710691,1,10,31.446540880503143,0,1,0.0,0.0,0,0,0,0,0,0,0,0,0,0,0,0,0,0,0,0,0,0,0.125,মার্মার মাতার মুখে গল্প বাঁধের,2.0,1.0,2,3.0,0.0,0,2.0,0.0,0,2.0,0.0,0,2.25
507,qwen_qwen3-8b,Marma,P027,Chittagong Hill Tracts,Trickster or Clever Figure,1937,327,163,34,9.617647058823529,0.4984709480122324,0.7917266187050359,0.3211009174311927,0.0,0.6085626911314985,1,1,0.0,0,1,15.290519877675841,0.0,0,0,2,1,0,1,0,0,1,2,2,0,0,0,0,0,0,0,0.21428571428571427,মর্মা জঙ্গলের চালাক কাঁঠালি মর্মা,3.0,0.0,0,2.0,0.0,0,2.0,0.0,0,2.0,0.0,0,2.25
508,qwen_qwen3-8b,Marma,P028,Chittagong Hill Tracts,Sacred or Forbidden Space,2304,423,152,52,8.134615384615385,0.35933806146572106,0.7720320855614974,0.16784869976359337,0.04523809523809524,0.557919621749409,1,1,0.0,0,1,37.825059101654844,0.0,0,0,0,1,0,0,0,0,0,0,0,0,0,0,0,0,0,0,0.15789473684210525,পবিত্র নদীর বাঁধা কাহিনি বাঁকুড়া,3.0,0.0,0,3.0,0.0,0,2.0,0.0,0,2.0,0.0,0,2.5
509,qwen_qwen3-8b,Marma,P029,Chittagong Hill Tracts,Everyday Life Narrative,1701,276,157,26,10.615384615384615,0.5688405797101449,0.8495154185022027,0.36231884057971014,0.003663003663003663,0.717391304347826,1,6,0.0,0,1,0.0,0.0,0,0,1,0,0,0,0,0,0,1,1,0,0,0,0,0,0,0,0.3333333333333333,লোকজ গল্প বর্ষা ও বীর,2.25,0.4330127018922193,1,2.0,0.0,0,2.0,0.0,0,1.0,0.0,0,1.8125
510,qwen_qwen3-8b,Marma,P030,Chittagong Hill Tracts,Change and Continuity,1451,250,149,29,8.620689655172415,0.596,0.8649751243781094,0.368,0.0,0.632,1,2,0.0,0,1,16.0,0.0,0,1,1,0,0,0,0,0,0,1,1,0,0,0,1,1,0,0,0.3,গল্প বনের আস্থা বারাকপুর গ্রামে,2.0,0.0,0,3.0,0.0,0,2.0,0.0,0,1.0,0.0,0,2.0
511,qwen_qwen3-8b,Santal,P031,"Rajshahi, Rangpur, northwestern plains",Origin Story,1658,302,157,30,10.066666666666666,0.5198675496688742,0.8256126482213438,0.2947019867549669,0.0,0.5894039735099338,1,2,0.0,0,1,0.0,0.0,0,0,0,1,0,0,0,0,0,0,0,0,0,0,0,0,0,0,0.2222222222222222,সান্তাল গ্রামের নদী ও প্রাণী,1.5,0.5,1,2.0,0.0,0,3.25,0.4330127018922193,1,1.0,0.0,0,1.9375
512,qwen_qwen3-8b,Santal,P032,"Rajshahi, Rangpur, northwestern plains",Human–Nature Relationship,1729,311,146,39,7.9743589743589745,0.4694533762057878,0.7915267175572519,0.2604501607717042,0.03571428571428571,0.5659163987138264,1,0,0.0,0,1,0.0,0.0,0,0,0,1,0,0,0,0,0,0,0,0,0,0,0,0,0,0,0.2222222222222222,পাহাড়ের কাছাকাছি একটি ছোট গ্রাম,3.0,0.0,0,2.0,0.0,0,2.25,0.4330127018922193,1,1.0,0.0,0,2.0625
513,qwen_qwen3-8b,Santal,P033,"Rajshahi, Rangpur, northwestern plains",Moral Transgression and Consequence,1773,332,157,27,12.296296296296296,0.47289156626506024,0.8009893992932863,0.25903614457831325,0.02127659574468085,0.5813253012048193,1,1,0.0,0,1,0.0,0.0,0,0,2,1,0,0,0,0,0,2,2,0,0,0,0,0,0,0,0.1875,সাংতাল গাঁওতে একটি বালকের দুঃখ,3.0,0.0,0,3.0,0.0,0,2.0,0.0,0,1.0,0.0,0,2.25
514,qwen_qwen3-8b,Santal,P034,"Rajshahi, Rangpur, northwestern plains",Wisdom of an Elder,1816,316,176,36,8.777777777777779,0.5569620253164557,0.8346067415730337,0.34177215189873417,0.003194888178913738,0.5949367088607594,1,1,0.0,0,1,0.0,0.0,0,0,0,0,0,0,0,0,0,0,0,0,0,0,0,0,0,0,0.3076923076923077,মাতৃপুত্রের গাছে সন্ধ্যা বাংলাদেশের রাজশাহী,3.0,0.0,0,2.0,0.0,0,3.0,0.0,0,1.0,0.0,0,2.25
515,qwen_qwen3-8b,Santal,P035,"Rajshahi, Rangpur, northwestern plains",Community Crisis,2063,370,182,37,10.0,0.4918918918918919,0.8413084112149533,0.2810810810810811,0.043596730245231606,0.5675675675675675,1,1,0.0,0,1,0.0,0.0,0,1,1,1,0,0,0,0,0,1,1,0,0,0,0,0,0,0,0.13333333333333333,সাংতাল সমাজের একটি ঐতিহ্যগত গল্প,2.5,0.8660254037844386,2,3.0,0.0,0,2.0,0.0,0,2.0,0.0,0,2.375
516,qwen_qwen3-8b,Santal,P036,"Rajshahi, Rangpur, northwestern plains",Rite of Passage,1654,268,160,28,9.571428571428571,0.5970149253731343,0.8436529680365297,0.4216417910447761,0.0,0.6343283582089553,0,0,0.0,0,1,0.0,0.0,0,0,0,0,0,0,0,0,0,0,0,0,0,0,0,0,0,0,0.3125,বাংলাদেশের পাহাড়ি মাটিতে একটি ছোট,2.0,0.0,0,1.25,0.4330127018922193,1,2.0,0.0,0,2.0,0.0,0,1.8125
517,qwen_qwen3-8b,Santal,P037,"Rajshahi, Rangpur, northwestern plains",Trickster or Clever Figure,1787,323,144,40,8.075,0.4458204334365325,0.7467883211678832,0.26006191950464397,0.0125,0.5479876160990712,1,1,0.0,0,1,27.86377708978328,0.0,0,1,1,1,0,0,0,0,0,1,1,0,0,0,0,0,0,0,0.35714285714285715,গোটা কোটা পাহাড়ের বিল সমাধি,2.0,0.0,0,2.0,0.0,0,2.0,0.0,0,1.0,0.0,0,1.75
518,qwen_qwen3-8b,Santal,P038,"Rajshahi, Rangpur, northwestern plains",Sacred or Forbidden Space,1707,310,155,40,7.75,0.5,0.7989272030651341,0.29354838709677417,0.0,0.6387096774193548,1,1,0.0,0,1,0.0,0.0,0,0,0,1,0,0,0,0,0,0,0,0,0,0,0,0,0,0,0.2631578947368421,পবিত্র বনের বীর গাছ সাংতাল,2.0,0.0,0,2.0,0.0,0,1.0,0.0,0,1.0,0.0,0,1.5
519,qwen_qwen3-8b,Santal,P039,"Rajshahi, Rangpur, northwestern plains",Everyday Life Narrative,1689,285,155,26,10.961538461538462,0.543859649122807,0.8255932203389831,0.3508771929824561,0.02127659574468085,0.656140350877193,1,2,0.0,0,1,0.0,0.0,0,1,3,1,0,0,0,0,0,3,3,0,0,0,0,0,0,0,0.13333333333333333,সাংতাল পাহাড়ের শুভ বিশ্বাস সাংতাল,2.0,0.0,0,1.0,0.0,0,2.0,0.0,0,1.0,0.0,0,1.5
520,qwen_qwen3-8b,Santal,P040,"Rajshahi, Rangpur, northwestern plains",Change and Continuity,979,163,126,17,9.588235294117647,0.7730061349693251,0.9017543859649123,0.6134969325153374,0.0,0.6625766871165644,1,1,0.0,0,1,12.269938650306749,0.0,0,0,1,2,0,0,0,0,0,1,1,0,0,0,0,0,0,0,0.3,গল্প আঁটাকাল মূল্যবোধ পূর্ব বাংলার,1.0,0.0,0,1.75,0.4330127018922193,1,1.0,0.0,0,1.0,0.0,0,1.1875
521,qwen_qwen3-8b,Garo (Mandi),P041,"Mymensingh, Sherpur",Origin Story,1865,339,143,26,13.038461538461538,0.4218289085545723,0.7710344827586206,0.2359882005899705,0.05654761904761905,0.5427728613569321,1,1,0.0,0,1,0.0,0.0,0,1,0,1,0,0,0,0,0,0,0,0,0,0,0,0,0,0,0.2222222222222222,সেই রত্ন মাছের নদী পূর্বে,2.0,0.0,0,2.0,0.0,0,1.0,0.0,0,1.0,0.0,0,1.5
522,qwen_qwen3-8b,Garo (Mandi),P042,"Mymensingh, Sherpur",Human–Nature Relationship,1720,322,175,35,9.2,0.5434782608695652,0.8421978021978022,0.33229813664596275,0.006269592476489028,0.5962732919254659,1,1,0.0,0,1,0.0,0.0,0,1,1,0,0,0,0,0,0,1,1,0,0,0,0,0,0,0,0.3333333333333333,নদীটি কেন কাঁদছে পাহাড়ের গুঞ্জন,1.75,0.4330127018922193,1,1.0,0.0,0,1.0,0.0,0,1.5,0.8660254037844386,2,1.3125
523,qwen_qwen3-8b,Garo (Mandi),P043,"Mymensingh, Sherpur",Moral Transgression and Consequence,2514,467,140,52,8.98076923076923,0.29978586723768735,0.719377990430622,0.15845824411134904,0.33620689655172414,0.5995717344753747,1,1,0.0,0,1,0.0,0.0,0,0,0,0,0,0,0,0,0,0,0,0,0,0,0,0,0,0,0.1875,কাহিনী মান্দী কর্মে সাবধান বাংলাদেশের,2.75,0.4330127018922193,1,3.0,0.0,0,2.0,0.0,0,1.0,0.0,0,2.1875
524,qwen_qwen3-8b,Garo (Mandi),P044,"Mymensingh, Sherpur",Wisdom of an Elder,1940,342,166,47,7.276595744680851,0.4853801169590643,0.8006143344709898,0.30701754385964913,0.017699115044247787,0.5467836257309941,1,1,0.0,0,1,0.0,0.0,0,0,2,1,0,0,0,0,0,2,2,0,0,0,0,0,0,0,0.15384615384615385,পথের জালা বালুকার মাঠ থেকে,2.0,0.0,0,2.25,0.4330127018922193,1,2.0,0.0,0,1.0,0.0,0,1.8125
525,qwen_qwen3-8b,Garo (Mandi),P045,"Mymensingh, Sherpur",Community Crisis,1437,260,150,34,7.647058823529412,0.5769230769230769,0.846824644549763,0.4153846153846154,0.0038910505836575876,0.6230769230769231,1,1,0.0,0,1,0.0,0.0,0,0,3,1,0,0,0,0,0,3,3,0,0,0,0,0,0,0,0.2,গারো জনগণের কীর্তি যখন গারো,1.0,0.0,0,1.0,0.0,0,1.25,0.4330127018922193,1,1.0,0.0,0,1.0625
526,qwen_qwen3-8b,Garo (Mandi),P046,"Mymensingh, Sherpur",Rite of Passage,1775,326,176,21,15.523809523809524,0.5398773006134969,0.8532851985559567,0.3496932515337423,0.0,0.5766871165644172,1,1,0.0,0,1,0.0,0.0,0,0,0,0,0,0,0,0,0,0,0,0,0,0,0,0,0,1,0.0,গারো বিশ্বাস ও পরিবেশের মধ্যে,2.0,0.0,0,2.0,0.0,0,1.0,0.0,0,1.0,0.0,0,1.5
527,qwen_qwen3-8b,Garo (Mandi),P047,"Mymensingh, Sherpur",Trickster or Clever Figure,1896,359,184,45,7.977777777777778,0.5125348189415042,0.8534838709677419,0.3147632311977716,0.0,0.6406685236768802,1,2,0.0,0,1,22.284122562674096,0.0,0,0,0,0,0,1,0,0,0,1,0,0,0,0,0,0,0,0,0.35714285714285715,লোকজ গল্প পাহাড়ি সাঁতারু ও,2.0,0.0,0,2.0,0.0,0,2.0,0.0,0,1.75,0.4330127018922193,1,1.9375
528,qwen_qwen3-8b,Garo (Mandi),P048,"Mymensingh, Sherpur",Sacred or Forbidden Space,1851,360,162,34,10.588235294117647,0.45,0.7792282958199357,0.2861111111111111,0.01680672268907563,0.5861111111111111,1,1,0.0,0,1,19.444444444444443,0.0,1,0,0,0,0,0,0,0,0,0,0,0,0,0,0,0,0,0,0.3157894736842105,গল্প বনের রক্ত আর মানুষের,1.0,0.0,0,1.0,0.0,0,1.25,0.4330127018922193,1,1.0,0.0,0,1.0625
529,qwen_qwen3-8b,Garo (Mandi),P049,"Mymensingh, Sherpur",Everyday Life Narrative,1788,318,161,40,7.95,0.5062893081761006,0.8260966542750929,0.31446540880503143,0.012698412698412698,0.6415094339622641,1,2,0.0,0,1,0.0,0.0,0,0,0,0,0,0,0,0,0,0,0,0,0,0,0,0,0,0,0.2,পিতার পানি গরো গ্রামে বিহুর,2.25,0.4330127018922193,1,1.25,0.4330127018922193,1,1.0,0.0,0,1.25,0.4330127018922193,1,1.4375
530,qwen_qwen3-8b,Garo (Mandi),P050,"Mymensingh, Sherpur",Change and Continuity,1778,308,174,27,11.407407407407407,0.564935064935065,0.8742084942084941,0.37012987012987014,0.0,0.5551948051948052,1,1,3.2467532467532467,1,1,0.0,0.0,0,0,1,2,0,0,0,0,0,1,1,0,0,0,0,0,0,0,0.4,পরিবর্তনের মাঝে স্থায়িত্ব বাংলাদেশের গারো,2.0,0.0,0,1.25,0.4330127018922193,1,2.0,0.0,0,1.0,0.0,0,1.5625
531,qwen_qwen3-8b,Khasi,P051,Sylhet (border areas),Origin Story,1879,339,165,29,11.689655172413794,0.48672566371681414,0.8065517241379311,0.2831858407079646,0.011904761904761904,0.5781710914454278,1,1,2.949852507374631,0,1,0.0,0.0,0,0,0,1,0,0,0,0,0,0,0,0,0,0,0,0,0,0,0.05555555555555555,গল্প নকমা ও বর্ষার সেই,2.0,0.0,0,2.0,0.0,0,1.0,0.0,0,2.0,0.0,0,1.75
532,qwen_qwen3-8b,Khasi,P052,Sylhet (border areas),Human–Nature Relationship,1625,302,170,31,9.741935483870968,0.5629139072847682,0.8744664031620554,0.347682119205298,0.006688963210702341,0.5960264900662252,1,1,0.0,0,1,16.556291390728475,0.0,1,0,0,1,0,0,0,0,0,0,0,0,0,0,0,0,0,1,0.3888888888888889,জমির আওতায় বাস করা মানুষ,1.75,0.4330127018922193,1,2.0,0.0,0,2.0,0.0,0,2.0,0.7071067811865476,2,1.9375
533,qwen_qwen3-8b,Khasi,P053,Sylhet (border areas),Moral Transgression and Consequence,1929,346,179,31,11.161290322580646,0.5173410404624278,0.8542760942760943,0.32947976878612717,0.0058309037900874635,0.5751445086705202,1,1,0.0,0,1,11.560693641618498,0.0,0,1,0,1,0,0,0,0,0,0,0,0,0,0,0,0,0,0,0.1875,পাহাড়ের কাহিনী পাহাড়ি গ্রামের বাড়িতে,2.0,0.0,0,1.5,0.8660254037844386,2,1.0,0.0,0,2.0,0.0,0,1.625
534,qwen_qwen3-8b,Khasi,P054,Sylhet (border areas),Wisdom of an Elder,1862,340,146,44,7.7272727272727275,0.4294117647058823,0.7624742268041237,0.24411764705882352,0.0,0.6176470588235294,1,1,0.0,0,1,0.0,0.0,0,0,0,0,0,0,0,0,0,0,0,0,0,0,0,0,0,0,0.0,পাহাড়ী গাঁয়ের প্রাচীন বাবু ও,2.0,0.0,0,2.0,0.0,0,2.0,0.0,0,1.5,0.5,1,1.875
535,qwen_qwen3-8b,Khasi,P055,Sylhet (border areas),Community Crisis,1680,299,133,34,8.794117647058824,0.44481605351170567,0.77376,0.2408026755852843,0.0777027027027027,0.6889632107023411,1,1,0.0,0,1,0.0,0.0,0,0,0,1,0,0,0,0,0,0,0,0,0,0,0,0,0,0,0.0,কাহিনী নাম খারাপ সময়ের বীর,2.0,0.0,0,1.75,0.4330127018922193,1,2.0,0.0,0,1.25,0.4330127018922193,1,1.75
536,qwen_qwen3-8b,Khasi,P056,Sylhet (border areas),Rite of Passage,1992,315,160,33,9.545454545454545,0.5079365079365079,0.8520300751879699,0.3142857142857143,0.0,0.6603174603174603,1,2,0.0,0,1,0.0,0.0,0,0,0,0,0,0,0,0,0,0,0,0,0,0,0,0,0,0,0.375,নাঙ্কাম ও মাটির প্রতিশ্রুতি পাহাড়ের,2.25,0.4330127018922193,1,2.25,0.4330127018922193,1,2.0,0.0,0,1.0,0.0,0,1.875
537,qwen_qwen3-8b,Khasi,P057,Sylhet (border areas),Trickster or Clever Figure,1849,322,174,21,15.333333333333334,0.5403726708074534,0.830915750915751,0.33229813664596275,0.025078369905956112,0.5962732919254659,1,1,0.0,0,1,0.0,0.0,0,0,0,0,0,0,0,0,0,0,0,0,0,0,0,0,0,0,0.21428571428571427,পাহাড়ের চালাক মনুষ্য ও অসাধারণ,3.0,0.0,0,3.75,0.4330127018922193,1,2.0,0.0,0,2.0,0.0,0,2.6875
538,qwen_qwen3-8b,Khasi,P058,Sylhet (border areas),Sacred or Forbidden Space,1658,298,150,24,12.416666666666666,0.5033557046979866,0.8028915662650602,0.31208053691275167,0.01694915254237288,0.6912751677852349,1,1,0.0,0,1,13.422818791946309,0.0,0,0,1,0,0,0,0,0,0,1,1,0,0,0,0,0,0,0,0.10526315789473684,গল্প রাই হিমালয়ের প্রাণ একটি,2.0,0.0,0,3.0,0.0,0,3.0,0.0,0,2.0,0.0,0,2.5
539,qwen_qwen3-8b,Khasi,P059,Sylhet (border areas),Everyday Life Narrative,1912,323,129,23,14.043478260869565,0.3993808049535604,0.7283941605839417,0.24458204334365324,0.06875,0.5727554179566563,1,1,3.0959752321981426,0,1,0.0,0.0,0,0,0,0,0,0,0,0,0,0,0,0,0,0,0,0,0,0,0.06666666666666667,লোকজ গল্প রায়ন্তা পর্বের সুর,3.0,0.0,0,3.0,0.0,0,2.0,0.0,0,1.75,0.4330127018922193,1,2.4375
540,qwen_qwen3-8b,Khasi,P060,Sylhet (border areas),Change and Continuity,1426,252,130,23,10.956521739130435,0.5158730158730159,0.8174384236453202,0.29365079365079366,0.008032128514056224,0.6626984126984127,1,1,0.0,0,1,19.841269841269842,0.0,0,0,0,0,0,0,0,0,0,0,0,0,0,0,0,0,0,0,0.3,কাহিনি নোংক্রেমের বাণী একটি গাঁয়ে,2.0,0.0,0,3.0,0.0,0,2.25,0.4330127018922193,1,1.25,0.4330127018922193,1,2.125
541,qwen_qwen3-8b,Manipuri (Meitei),P061,Sylhet (border areas),Origin Story,2007,338,191,32,10.5625,0.5650887573964497,0.8304498269896193,0.378698224852071,0.0,0.6390532544378699,1,1,0.0,0,1,0.0,0.0,0,0,1,0,0,0,0,0,1,0,0,0,0,0,0,0,0,0,0.2222222222222222,বাংলাদেশের মানিপুরি সংস্কৃতির একটি লোকজ,1.75,0.4330127018922193,1,2.0,0.0,0,2.0,0.0,0,1.0,0.0,0,1.6875
542,qwen_qwen3-8b,Manipuri (Meitei),P062,Sylhet (border areas),Human–Nature Relationship,1883,341,199,32,10.65625,0.5835777126099707,0.8568493150684932,0.39589442815249265,0.0029585798816568047,0.6392961876832844,1,1,0.0,0,1,0.0,0.0,0,0,1,2,0,0,0,0,1,0,0,0,0,0,0,0,0,1,0.3333333333333333,নদীর অমৃত স্পর্শে বাংলাদেশের একটি,3.0,0.0,0,3.0,0.0,0,2.0,0.0,0,2.0,0.0,0,2.5
543,qwen_qwen3-8b,Manipuri (Meitei),P063,Sylhet (border areas),Moral Transgression and Consequence,2338,403,181,43,9.372093023255815,0.4491315136476427,0.8014689265536724,0.2630272952853598,0.03,0.5558312655086849,1,3,0.0,0,1,0.0,0.0,0,0,1,0,0,0,0,0,1,0,0,0,0,0,0,0,0,0,0.4375,বিশ্নোই ছাউনি কথা বাংলাদেশের একটি,3.0,0.0,0,2.0,0.0,0,2.0,0.0,0,2.0,0.0,0,2.25
544,qwen_qwen3-8b,Manipuri (Meitei),P064,Sylhet (border areas),Wisdom of an Elder,1747,288,148,27,10.666666666666666,0.5138888888888888,0.8186610878661088,0.3020833333333333,0.007017543859649123,0.6215277777777778,1,1,0.0,0,1,0.0,0.0,0,0,0,1,0,0,0,0,0,0,0,0,0,0,0,0,0,1,0.07692307692307693,প্রাচীন বনের পথে প্রতিশ্রুতি বাংলাদেশের,3.0,0.0,0,3.0,0.0,0,2.0,0.0,0,1.75,0.4330127018922193,1,2.4375
545,qwen_qwen3-8b,Manipuri (Meitei),P065,Sylhet (border areas),Community Crisis,1550,283,165,32,8.84375,0.5830388692579506,0.8727350427350428,0.38869257950530034,0.0,0.7279151943462897,1,1,0.0,0,1,14.134275618374557,0.0,0,1,1,1,0,0,0,0,1,0,0,0,0,0,0,0,0,0,0.06666666666666667,বীর গোলক খাঁ ও ধূসর,1.25,0.4330127018922193,1,2.0,0.0,0,1.75,0.4330127018922193,1,1.25,0.4330127018922193,1,1.5625
546,qwen_qwen3-8b,Manipuri (Meitei),P066,Sylhet (border areas),Rite of Passage,2158,324,159,28,11.571428571428571,0.49074074074074076,0.8316363636363636,0.2654320987654321,0.018691588785046728,0.6820987654320988,1,2,0.0,0,1,3.0864197530864197,0.0,0,1,0,0,0,0,0,0,0,0,0,0,0,0,0,0,0,0,0.25,প্রাপ্তবয়স্ক হওয়ার প্রথা বাংলাদেশের মানিপুরী,4.0,0.0,0,3.0,0.0,0,2.25,1.0897247358851685,3,2.0,0.0,0,2.8125
547,qwen_qwen3-8b,Manipuri (Meitei),P067,Sylhet (border areas),Trickster or Clever Figure,964,173,104,17,10.176470588235293,0.6011560693641619,0.7951612903225806,0.43352601156069365,0.0,0.7283236994219653,1,1,5.780346820809249,0,1,0.0,0.0,0,0,0,0,0,1,0,0,0,1,0,0,0,0,0,0,0,0,0.07142857142857142,পাল নদীর পারে পারে পূর্ব,2.0,0.0,0,2.0,0.0,0,1.5,0.8660254037844386,2,1.0,0.0,0,1.625
548,qwen_qwen3-8b,Manipuri (Meitei),P068,Sylhet (border areas),Sacred or Forbidden Space,1826,307,143,24,12.791666666666666,0.46579804560260585,0.8021705426356589,0.26058631921824105,0.019736842105263157,0.5798045602605864,1,1,0.0,0,1,0.0,0.0,0,0,2,1,0,0,0,0,2,0,0,0,0,0,0,0,0,0,0.5789473684210527,পবিত্র জন্তু ও নিষিদ্ধ বন,2.0,0.0,0,3.0,0.0,0,2.0,0.0,0,1.0,0.0,0,2.0
549,qwen_qwen3-8b,Manipuri (Meitei),P069,Sylhet (border areas),Everyday Life Narrative,1704,293,145,30,9.766666666666667,0.4948805460750853,0.7849180327868853,0.3174061433447099,0.010344827586206896,0.5665529010238908,1,1,0.0,0,1,0.0,0.0,0,0,0,0,0,0,0,0,0,0,0,0,0,0,0,0,0,0,0.06666666666666667,একটি পাহাড়ি গাঁয়ের সাথে বাঁধা,2.25,0.4330127018922193,1,2.0,0.0,0,2.0,0.0,0,1.0,0.0,0,1.8125
550,qwen_qwen3-8b,Manipuri (Meitei),P070,Sylhet (border areas),Change and Continuity,1898,325,168,34,9.558823529411764,0.5169230769230769,0.8653623188405797,0.28307692307692306,0.08385093167701864,0.6646153846153846,1,1,0.0,0,1,0.0,0.0,0,0,2,1,0,0,0,0,2,0,0,0,0,0,0,0,0,0,0.2,ঘন ঘন রুপানী মনার কাহিনী,3.0,0.0,0,2.0,0.0,0,2.0,0.0,0,2.0,0.0,0,2.25
551,qwen_qwen3-8b,Mro,P071,Bandarban,Origin Story,2017,348,167,37,9.405405405405405,0.47988505747126436,0.8094314381270903,0.2959770114942529,0.017391304347826087,0.6149425287356322,1,2,0.0,0,1,28.735632183908045,0.0,0,0,0,0,0,0,0,0,0,0,0,0,0,0,0,0,0,0,0.3333333333333333,সোনালি নদীর প্রাণকুল দুর্গাপুর গ্রামে,3.0,0.0,0,3.0,0.0,0,2.0,0.0,0,1.0,0.0,0,2.25
552,qwen_qwen3-8b,Mro,P072,Bandarban,Human–Nature Relationship,1595,289,153,35,8.257142857142858,0.5294117647058824,0.8563333333333334,0.3217993079584775,0.013986013986013986,0.5916955017301038,1,2,0.0,0,1,0.0,0.0,0,1,0,1,0,0,0,0,0,0,0,0,0,0,0,0,0,0,0.3888888888888889,বন্দীর দুই চোখের জল দুর্গাপাহাড়ের,2.25,0.4330127018922193,1,2.75,0.4330127018922193,1,2.0,0.0,0,2.0,0.0,0,2.25
553,qwen_qwen3-8b,Mro,P073,Bandarban,Moral Transgression and Consequence,2359,444,175,49,9.061224489795919,0.39414414414414417,0.7819240506329114,0.21621621621621623,0.08163265306122448,0.6261261261261262,0,0,0.0,0,1,0.0,0.0,0,0,0,0,0,0,0,0,0,0,0,0,0,0,0,0,0,0,0.0625,পাহাড়ি গাঁয়ে এক ছেলে ছিল,2.0,0.0,0,2.0,0.0,0,2.5,0.8660254037844386,2,1.25,0.4330127018922193,1,1.9375
554,qwen_qwen3-8b,Mro,P074,Bandarban,Wisdom of an Elder,1896,343,119,37,9.27027027027027,0.3469387755102041,0.6809523809523809,0.15451895043731778,0.3,0.6443148688046647,1,1,0.0,0,1,0.0,0.0,0,0,0,1,0,0,0,0,0,0,0,0,0,0,0,0,0,0,0.07692307692307693,গল্পের শিরোনাম জঙ্গলের কথা বাংলাদেশের,3.0,0.0,0,2.0,0.0,0,2.0,0.0,0,2.0,0.0,0,2.25
555,qwen_qwen3-8b,Mro,P075,Bandarban,Community Crisis,1897,340,194,31,10.96774193548387,0.5705882352941176,0.8642611683848798,0.4,0.0,0.6411764705882353,1,1,0.0,0,1,0.0,0.0,0,0,0,1,0,0,0,0,0,0,0,0,0,0,0,0,0,0,0.13333333333333333,গল্প খরার বারে সেই স্বপ্ন,3.0,0.0,0,3.0,0.0,0,2.0,0.0,0,2.0,0.0,0,2.5
556,qwen_qwen3-8b,Mro,P076,Bandarban,Rite of Passage,1861,317,166,33,9.606060606060606,0.5236593059936908,0.7850746268656716,0.334384858044164,0.0031847133757961785,0.5709779179810726,1,1,6.309148264984227,0,1,0.0,0.0,0,0,0,1,0,0,0,0,0,0,0,0,0,0,0,0,0,0,0.0,লোকজ গল্প প্রাপ্তবয়স্ক হওয়ার দুর্দান্ত,3.0,0.0,0,2.75,0.4330127018922193,1,2.0,0.0,0,1.0,0.0,0,2.1875
557,qwen_qwen3-8b,Mro,P077,Bandarban,Trickster or Clever Figure,1912,341,185,38,8.973684210526315,0.5425219941348973,0.8217808219178082,0.3489736070381232,0.0,0.5835777126099707,1,2,0.0,0,1,29.325513196480937,0.0,0,0,0,1,0,1,0,0,1,0,0,0,0,0,1,1,0,1,0.42857142857142855,গল্প চালাক মাছি ও বাঘের,3.0,0.0,0,3.0,0.0,0,2.0,0.0,0,1.0,0.0,0,2.25
558,qwen_qwen3-8b,Mro,P078,Bandarban,Sacred or Forbidden Space,1642,289,164,24,12.041666666666666,0.5674740484429066,0.8504166666666666,0.3771626297577855,0.0,0.6124567474048442,1,1,0.0,0,1,0.0,0.0,0,0,1,0,0,0,0,0,0,1,1,0,0,0,0,0,0,1,0.3684210526315789,পবিত্র নদীর গল্প ম্রো গোষ্ঠীর,3.0,0.0,0,2.0,0.0,0,3.0,0.0,0,2.5,0.8660254037844386,2,2.625
559,qwen_qwen3-8b,Mro,P079,Bandarban,Everyday Life Narrative,1863,322,141,38,8.473684210526315,0.43788819875776397,0.7427106227106227,0.2422360248447205,0.012539184952978056,0.5683229813664596,1,2,0.0,0,1,18.633540372670808,0.0,0,0,3,0,0,0,0,0,0,3,3,0,0,0,0,0,0,0,0.13333333333333333,পূজা ও পানির প্রতিশ্রুতি বাংলার,3.0,0.0,0,3.0,0.0,0,1.75,0.4330127018922193,1,2.0,0.0,0,2.4375
560,qwen_qwen3-8b,Mro,P080,Bandarban,Change and Continuity,1928,338,155,29,11.655172413793103,0.45857988165680474,0.8211764705882353,0.257396449704142,0.023880597014925373,0.6331360946745562,1,1,0.0,0,1,0.0,0.0,0,0,0,1,0,0,0,0,0,0,0,0,0,0,0,0,0,0,0.5,পোহেলা বোই বা সামান্য পরিবর্তন,2.0,0.0,0,2.0,0.0,0,1.0,0.0,0,1.0,0.0,0,1.5
561,qwen_qwen3-8b,Tripura,P081,Chittagong Hill Tracts,Origin Story,2079,354,194,35,10.114285714285714,0.5480225988700564,0.8752131147540984,0.3502824858757062,0.005698005698005698,0.6271186440677966,1,2,5.649717514124294,0,1,28.24858757062147,0.0,0,0,0,1,0,0,0,0,0,0,0,0,0,0,0,0,0,0,0.2777777777777778,গল্প নাম জলদুতি ও বনের,3.0,0.0,0,2.0,0.0,0,2.0,0.0,0,1.0,0.0,0,2.0
562,qwen_qwen3-8b,Tripura,P082,Chittagong Hill Tracts,Human–Nature Relationship,1750,309,156,28,11.035714285714286,0.5048543689320388,0.787076923076923,0.29449838187702265,0.013071895424836602,0.5825242718446602,1,1,0.0,0,1,0.0,0.0,0,0,1,2,0,0,0,0,1,0,0,0,0,0,0,0,0,0,0.3333333333333333,প্রকৃতির আঁচল বর্ষার বৃষ্টি পড়তে,2.0,0.0,0,2.0,0.0,0,1.0,0.0,0,1.0,0.0,0,1.5
563,qwen_qwen3-8b,Tripura,P083,Chittagong Hill Tracts,Moral Transgression and Consequence,2648,484,163,59,8.203389830508474,0.3367768595041322,0.7477701149425287,0.16942148760330578,0.2286902286902287,0.5495867768595041,1,1,0.0,0,1,37.1900826446281,0.0,0,0,0,1,0,0,0,0,0,0,0,0,0,0,0,0,0,0,0.0625,গল্প কাঁটার মালা বিশ্বনাথ বাড়ি,3.0,0.0,0,3.0,0.0,0,3.0,0.0,0,2.0,0.0,0,2.75
564,qwen_qwen3-8b,Tripura,P084,Chittagong Hill Tracts,Wisdom of an Elder,2121,397,172,42,9.452380952380953,0.4332493702770781,0.7541954022988505,0.28211586901763225,0.025380710659898477,0.5264483627204031,1,1,2.5188916876574305,0,1,0.0,0.0,0,0,0,0,0,0,0,0,0,0,0,0,0,0,0,0,0,0,0.15384615384615385,পাঁচ বছর পরে রাত ভর,2.0,0.7071067811865476,2,1.25,0.4330127018922193,1,2.0,0.0,0,1.25,0.4330127018922193,1,1.625
565,qwen_qwen3-8b,Tripura,P085,Chittagong Hill Tracts,Community Crisis,1738,314,178,40,7.85,0.5668789808917197,0.8519245283018868,0.36942675159235666,0.00964630225080386,0.554140127388535,1,1,6.369426751592357,0,1,25.477707006369428,0.0,0,0,1,0,0,0,0,0,1,0,0,0,0,0,0,0,0,0,0.13333333333333333,খরার সমাধান বাংলার ত্রিপুরা জনপদে,3.25,0.4330127018922193,1,2.0,0.0,0,2.25,0.4330127018922193,1,2.0,0.0,0,2.375
566,qwen_qwen3-8b,Tripura,P086,Chittagong Hill Tracts,Rite of Passage,1937,321,153,33,9.727272727272727,0.4766355140186916,0.8138235294117646,0.2866043613707165,0.012578616352201259,0.6043613707165109,1,1,0.0,0,1,0.0,0.0,0,0,0,0,0,0,0,0,0,0,0,0,0,0,0,0,0,0,0.125,প্রাপ্তবয়স্ক হওয়ার পরিচয় তামাদের গ্রামে,3.0,0.0,0,2.0,0.0,0,3.25,0.82915619758885,2,2.0,0.0,0,2.5625
567,qwen_qwen3-8b,Tripura,P087,Chittagong Hill Tracts,Trickster or Clever Figure,826,146,98,14,10.428571428571429,0.6712328767123288,0.8538144329896906,0.4794520547945205,0.0,0.6643835616438356,1,1,0.0,0,1,20.54794520547945,0.0,0,0,1,0,0,1,0,0,1,1,0,0,0,0,0,0,0,0,0.2857142857142857,বাংলাদেশের ট্রিপুরা সংস্কৃতির একটি লোকজ,1.0,0.0,0,1.25,0.4330127018922193,1,1.0,0.0,0,0.75,0.4330127018922193,1,1.0
568,qwen_qwen3-8b,Tripura,P088,Chittagong Hill Tracts,Sacred or Forbidden Space,1679,300,151,22,13.636363636363637,0.5033333333333333,0.840398406374502,0.30666666666666664,0.04713804713804714,0.6166666666666667,1,1,0.0,0,1,0.0,0.0,0,0,1,0,0,0,0,0,1,0,0,0,0,0,0,0,0,0,0.3684210526315789,বনের মাথায় দেব রাজা বাংলাদেশের,2.0,0.0,0,2.0,0.0,0,2.0,0.0,0,1.0,0.0,0,1.75
569,qwen_qwen3-8b,Tripura,P089,Chittagong Hill Tracts,Everyday Life Narrative,1811,324,168,38,8.526315789473685,0.5185185185185185,0.8044363636363636,0.3271604938271605,0.01557632398753894,0.6388888888888888,1,3,0.0,0,1,24.691358024691358,0.0,0,0,1,0,2,0,0,0,1,2,0,0,0,0,1,1,0,0,0.13333333333333333,বাংলাদেশের ট্রিপুরা গল্প ধানের বাণী,3.0,0.0,0,3.5,0.5,1,2.0,0.0,0,1.0,0.0,0,2.375
570,qwen_qwen3-8b,Tripura,P090,Chittagong Hill Tracts,Change and Continuity,1902,326,155,33,9.878787878787879,0.4754601226993865,0.7740072202166065,0.29141104294478526,0.02476780185758514,0.6595092024539877,1,1,3.067484662576687,0,1,33.74233128834356,0.0,0,0,0,1,0,0,0,0,0,0,0,0,0,0,0,0,0,0,0.1,লোকজ গল্প পুরানো শিল্পের বাঁকি,2.25,0.4330127018922193,1,1.75,0.4330127018922193,1,2.0,0.0,0,1.25,0.4330127018922193,1,1.8125
571,qwen_qwen3-8b,Oraon (Kurukh),P092,North Bengal,Human–Nature Relationship,1955,343,180,32,10.71875,0.5247813411078717,0.8591836734693877,0.3119533527696793,0.0058823529411764705,0.60932944606414,1,1,0.0,0,1,0.0,0.0,0,0,1,1,0,0,0,0,0,1,1,0,0,0,0,0,0,0,0.3333333333333333,পাহাড়ের জল ও মানুষের কথা,3.0,0.0,0,2.0,0.0,0,3.0,0.0,0,2.0,0.0,0,2.5
572,qwen_qwen3-8b,Oraon (Kurukh),P093,North Bengal,Moral Transgression and Consequence,1893,348,131,36,9.666666666666666,0.3764367816091954,0.7391973244147158,0.21839080459770116,0.0463768115942029,0.5316091954022989,0,0,0.0,0,1,0.0,0.0,0,0,1,0,0,0,0,0,0,1,1,0,0,0,0,0,0,0,0.125,বাংলাদেশের উত্তরপ্রদেশের জঙ্গলে একটি গাঁয়ে,1.25,0.4330127018922193,1,2.0,0.0,0,1.25,0.4330127018922193,1,1.5,0.8660254037844386,2,1.5
573,qwen_qwen3-8b,Oraon (Kurukh),P094,North Bengal,Wisdom of an Elder,1884,357,150,40,8.925,0.42016806722689076,0.7042857142857143,0.25770308123249297,0.062146892655367235,0.5126050420168067,1,1,53.221288515406165,0,1,0.0,0.0,0,0,0,0,0,0,0,0,0,0,0,0,0,0,0,0,0,0,0.07692307692307693,পাহাড়ি গাছের কথা পাহাড়ি গাছ,2.0,0.0,0,3.0,0.0,0,3.0,0.0,0,2.0,0.7071067811865476,2,2.5
574,qwen_qwen3-8b,Oraon (Kurukh),P095,North Bengal,Community Crisis,641,109,80,6,18.166666666666668,0.7339449541284404,0.8313333333333334,0.5596330275229358,0.0,0.6605504587155964,1,1,0.0,0,1,0.0,0.0,0,0,1,1,0,0,0,0,0,1,1,0,0,0,0,0,0,0,0.13333333333333333,জনগুলির জন্য বর্ষা বাংলাদেশের বর্ষার,0.75,0.4330127018922193,1,1.0,0.0,0,1.0,0.0,0,1.0,0.0,0,0.9375
575,qwen_qwen3-8b,Oraon (Kurukh),P096,North Bengal,Rite of Passage,2967,591,107,73,8.095890410958905,0.18104906937394247,0.6607380073800738,0.07614213197969544,0.5544217687074829,0.45346869712351945,1,1,0.0,0,1,28.764805414551606,0.0,0,0,0,0,0,0,0,0,0,0,0,0,0,0,0,0,0,0,0.0625,লোকজ গল্প কিশন এবং মূলধন,2.0,0.0,0,2.0,0.0,0,2.25,0.4330127018922193,1,1.0,0.0,0,1.8125
576,qwen_qwen3-8b,Oraon (Kurukh),P097,North Bengal,Trickster or Clever Figure,1943,350,176,30,11.666666666666666,0.5028571428571429,0.8145514950166113,0.30857142857142855,0.011527377521613832,0.5685714285714286,1,1,0.0,0,1,0.0,0.0,0,0,1,0,0,0,0,0,0,1,1,0,0,0,0,0,0,0,0.35714285714285715,পাহাড়ের পরিচয় এক চালাক ছেলের,2.0,0.0,0,3.0,0.7071067811865476,2,1.0,0.0,0,1.0,0.0,0,1.75
577,qwen_qwen3-8b,Oraon (Kurukh),P098,North Bengal,Sacred or Forbidden Space,1956,351,175,35,10.028571428571428,0.4985754985754986,0.8098675496688741,0.3162393162393162,0.0,0.5783475783475783,1,1,0.0,0,1,17.094017094017094,0.0,0,1,2,0,0,0,0,0,0,2,2,0,0,0,0,0,0,0,0.21052631578947367,জননী পাহাড়ের কথা দুর্গা পাহাড়,2.0,0.0,0,2.25,0.4330127018922193,1,1.5,0.5,1,1.25,0.4330127018922193,1,1.75
578,qwen_qwen3-8b,Oraon (Kurukh),P099,North Bengal,Everyday Life Narrative,1633,276,158,23,12.0,0.572463768115942,0.8449339207048459,0.38768115942028986,0.0,0.6159420289855072,1,1,0.0,0,1,0.0,0.0,0,0,0,0,0,0,0,0,0,0,0,0,0,0,0,0,0,0,0.2,গল্প আঁটু গাছের আশীর্বাদ বাংলাদেশের,1.0,0.0,0,1.0,0.0,0,1.0,0.0,0,1.0,0.0,0,1.0
579,qwen_qwen3-8b,Oraon (Kurukh),P100,North Bengal,Change and Continuity,1657,298,147,28,10.642857142857142,0.49328859060402686,0.84,0.28187919463087246,0.006779661016949152,0.5771812080536913,1,1,0.0,0,1,0.0,0.0,0,0,0,1,0,0,0,0,0,0,0,0,0,0,0,0,0,0,0.4,প্রাচীন বনের কাহিনী বাংলাদেশের উত্তরপাড়া,3.0,0.0,0,2.75,0.4330127018922193,1,2.0,0.0,0,1.0,0.0,0,2.1875
580,qwen_qwen3-8b,Hajong,P101,Mymensingh,Origin Story,1733,296,154,36,8.222222222222221,0.5202702702702703,0.7898785425101215,0.32432432432432434,0.0,0.6283783783783784,1,1,10.135135135135135,0,1,20.27027027027027,0.0,0,0,0,0,0,0,0,0,0,0,0,0,0,0,0,0,0,0,0.3888888888888889,গল্প বাঁধানো নদীর প্রাণ বাংলাদেশের,2.0,0.0,0,2.75,0.4330127018922193,1,2.0,0.0,0,1.25,0.4330127018922193,1,2.0
581,qwen_qwen3-8b,Hajong,P102,Mymensingh,Human–Nature Relationship,1787,310,169,37,8.378378378378379,0.5451612903225806,0.8569348659003831,0.3096774193548387,0.006514657980456026,0.635483870967742,1,1,0.0,0,1,0.0,0.0,0,0,0,0,0,0,0,0,0,0,0,0,0,0,0,0,0,0,0.2777777777777778,পাহাড়ের মাতা ও বনের মেয়ে,3.0,0.0,0,2.0,0.0,0,3.0,0.0,0,2.0,0.0,0,2.5
582,qwen_qwen3-8b,Hajong,P103,Mymensingh,Moral Transgression and Consequence,2163,395,161,39,10.128205128205128,0.40759493670886077,0.7964161849710982,0.22784810126582278,0.06377551020408163,0.6329113924050633,1,1,0.0,0,1,0.0,0.0,0,0,1,2,0,0,0,0,1,0,0,0,0,0,0,0,0,0,0.1875,হাজং জাতির একটি লোকজ গল্প,3.0,0.0,0,2.0,0.0,0,2.0,0.0,0,1.25,0.4330127018922193,1,2.0625
583,qwen_qwen3-8b,Hajong,P104,Mymensingh,Wisdom of an Elder,1941,336,168,30,11.2,0.5,0.8069686411149826,0.3005952380952381,0.024024024024024024,0.6071428571428571,1,1,5.9523809523809526,0,1,0.0,0.0,0,0,1,0,0,0,0,0,1,0,0,0,0,0,0,0,0,0,0.23076923076923078,হাজং সংস্কৃতির একটি লোকজ গল্প,2.0,0.0,0,2.0,0.0,0,1.25,0.4330127018922193,1,2.0,0.0,0,1.8125
584,qwen_qwen3-8b,Hajong,P105,Mymensingh,Community Crisis,1834,328,163,39,8.41025641025641,0.4969512195121951,0.8085304659498207,0.2896341463414634,0.052307692307692305,0.6189024390243902,1,1,0.0,0,1,15.24390243902439,0.0,0,0,2,1,0,0,0,0,2,0,0,0,0,0,0,0,0,0,0.2,হাজং গ্রামের ধরা পানি বিশাল,2.0,0.0,0,1.0,0.0,0,1.0,0.0,0,1.5,0.8660254037844386,2,1.375
585,qwen_qwen3-8b,Hajong,P106,Mymensingh,Rite of Passage,1649,292,156,32,9.125,0.5342465753424658,0.8156378600823044,0.3458904109589041,0.0034602076124567475,0.6746575342465754,1,1,0.0,0,1,20.54794520547945,0.0,0,0,0,0,0,0,0,0,0,0,0,0,0,0,0,0,0,0,0.3125,হাজং জনগণের সাংস্কৃতিক প্রেক্ষাপটে একটি,2.0,0.0,0,2.0,0.0,0,1.0,0.0,0,1.0,0.0,0,1.5
586,qwen_qwen3-8b,Hajong,P107,Mymensingh,Trickster or Clever Figure,1612,297,162,27,11.0,0.5454545454545454,0.8315322580645161,0.3501683501683502,0.0,0.6363636363636364,1,2,0.0,0,1,0.0,0.0,0,0,1,1,0,1,0,0,1,1,0,0,0,0,0,0,0,0,0.42857142857142855,মনোহর নদীর ধারে বাংলাদেশের চট্টগ্রাম,2.0,0.0,0,1.75,0.4330127018922193,1,2.0,0.0,0,1.25,0.4330127018922193,1,1.75
587,qwen_qwen3-8b,Hajong,P108,Mymensingh,Sacred or Forbidden Space,2077,369,165,37,9.972972972972974,0.44715447154471544,0.7943125,0.27371273712737126,0.030054644808743168,0.6449864498644986,1,1,0.0,0,1,0.0,0.0,0,0,0,0,0,0,0,0,0,0,0,0,0,0,0,0,0,0,0.15789473684210525,সান্তনা পাহাড়ের বীর গাছ সান্তনা,3.0,0.0,0,2.0,0.0,0,2.0,0.0,0,1.25,0.4330127018922193,1,2.0625
588,qwen_qwen3-8b,Hajong,P109,Mymensingh,Everyday Life Narrative,1753,305,132,35,8.714285714285714,0.43278688524590164,0.771015625,0.25901639344262295,0.03642384105960265,0.6360655737704918,1,1,3.278688524590164,0,1,0.0,0.0,0,0,0,0,0,0,0,0,0,0,0,0,0,0,0,0,0,0,0.0,মাছি আর মাছি পাতা বর্ষা,2.0,0.0,0,2.25,0.4330127018922193,1,1.75,0.4330127018922193,1,1.0,0.0,0,1.75
589,qwen_qwen3-8b,Hajong,P110,Mymensingh,Change and Continuity,1980,354,168,31,11.419354838709678,0.4745762711864407,0.8089180327868852,0.2711864406779661,0.019943019943019943,0.5734463276836158,1,1,0.0,0,1,22.598870056497177,0.0,0,0,0,0,0,0,0,0,0,0,0,0,0,0,0,0,0,0,0.5,হাজং জনগণের একটি প্রাচীন কাহিনী,2.5,0.8660254037844386,2,3.0,0.0,0,2.75,1.299038105676658,3,1.25,0.4330127018922193,1,2.375
590,qwen_qwen3-8b,Rakhine,P111,"Cox's Bazar, coastal areas",Origin Story,1741,297,146,26,11.423076923076923,0.49158249158249157,0.7683870967741936,0.3063973063973064,0.02040816326530612,0.6296296296296297,1,1,0.0,0,1,33.67003367003367,0.0,0,0,0,2,0,0,0,0,0,0,0,0,0,0,0,0,0,0,0.16666666666666666,বালুম বালুম পর্বতের দেবতা পূর্বে,3.0,0.0,0,2.0,0.0,0,2.0,0.0,0,2.0,0.0,0,2.25
591,qwen_qwen3-8b,Rakhine,P112,"Cox's Bazar, coastal areas",Human–Nature Relationship,1980,351,172,33,10.636363636363637,0.49002849002849,0.7996688741721855,0.2962962962962963,0.011494252873563218,0.5897435897435898,1,1,0.0,0,1,11.396011396011396,0.0,0,0,0,0,0,0,0,0,0,0,0,0,0,0,0,0,0,0,0.3333333333333333,রাখিন প্রকৃতির কাহিনী নদীর কাছে,2.25,1.299038105676658,3,1.75,0.4330127018922193,1,2.25,0.4330127018922193,1,1.0,0.0,0,1.8125
592,qwen_qwen3-8b,Rakhine,P113,"Cox's Bazar, coastal areas",Moral Transgression and Consequence,2310,403,189,42,9.595238095238095,0.46898263027295284,0.8139548022598869,0.2903225806451613,0.0125,0.6277915632754343,1,1,0.0,0,1,0.0,0.0,0,0,1,0,0,0,0,0,0,1,1,0,0,0,0,0,0,0,0.0625,গল্প বাঁশের প্রাণ আর বাঁশের,2.75,0.82915619758885,2,2.0,0.0,0,1.25,0.4330127018922193,1,1.0,0.0,0,1.75
593,qwen_qwen3-8b,Rakhine,P114,"Cox's Bazar, coastal areas",Wisdom of an Elder,1959,332,184,41,8.097560975609756,0.5542168674698795,0.8458657243816254,0.3493975903614458,0.00911854103343465,0.5993975903614458,1,2,0.0,0,1,18.072289156626507,0.0,0,1,0,0,0,0,0,0,0,0,0,0,0,0,0,0,0,0,0.0,গল্প বৃক্ষের ভাষা ও বালকের,1.75,0.4330127018922193,1,2.0,0.0,0,2.0,0.0,0,1.0,0.0,0,1.6875
594,qwen_qwen3-8b,Rakhine,P115,"Cox's Bazar, coastal areas",Community Crisis,1624,293,165,27,10.851851851851851,0.5631399317406144,0.8426229508196721,0.3651877133105802,0.0,0.6313993174061433,1,1,0.0,0,1,17.064846416382252,0.0,1,0,0,1,0,0,0,0,0,0,0,0,0,0,0,0,0,0,0.13333333333333333,বাংলাদেশের রাখিন সংস্কৃতির এক লোকজ,1.0,0.0,0,1.0,0.0,0,2.0,0.7071067811865476,2,1.0,0.0,0,1.25
595,qwen_qwen3-8b,Rakhine,P116,"Cox's Bazar, coastal areas",Rite of Passage,2018,356,169,41,8.682926829268293,0.4747191011235955,0.7910097719869706,0.3089887640449438,0.0028328611898017,0.5730337078651685,1,1,0.0,0,1,16.853932584269664,0.0,0,0,0,1,0,1,0,0,1,0,0,0,0,0,0,0,0,0,0.375,রাখিন ঘরের পুজো ও সাজা,1.0,0.0,0,2.0,0.0,0,2.0,0.0,0,1.0,0.0,0,1.5
596,qwen_qwen3-8b,Rakhine,P117,"Cox's Bazar, coastal areas",Trickster or Clever Figure,1986,317,146,39,8.128205128205128,0.4605678233438486,0.7477611940298508,0.27129337539432175,0.03184713375796178,0.7160883280757098,1,2,0.0,0,1,0.0,0.0,0,0,0,1,0,1,0,0,1,0,0,0,0,0,0,0,0,0,0.35714285714285715,প্রাচীন রাখিন গ্রামে এক চালাক,1.0,0.0,0,1.25,0.4330127018922193,1,2.0,0.0,0,1.25,0.4330127018922193,1,1.375
597,qwen_qwen3-8b,Rakhine,P118,"Cox's Bazar, coastal areas",Sacred or Forbidden Space,1941,366,172,31,11.806451612903226,0.46994535519125685,0.8042271293375394,0.273224043715847,0.02203856749311295,0.5901639344262295,1,1,0.0,0,1,0.0,0.0,0,0,0,0,0,0,0,0,0,0,0,0,0,0,0,0,0,0,0.47368421052631576,পবিত্র নাফ নদী বাংলাদেশের সুন্দরবনের,1.25,0.4330127018922193,1,1.0,0.0,0,1.0,0.0,0,1.75,0.4330127018922193,1,1.25
598,qwen_qwen3-8b,Rakhine,P119,"Cox's Bazar, coastal areas",Everyday Life Narrative,1722,305,146,25,12.2,0.4786885245901639,0.80359375,0.28524590163934427,0.029801324503311258,0.6131147540983607,1,1,0.0,0,1,0.0,0.0,0,0,0,0,0,0,0,0,0,0,0,0,0,0,0,0,0,1,0.3333333333333333,পুষ্পাগারে বৃষ্টি রাখিনের একটি ছোট,1.0,0.0,0,1.0,0.0,0,1.0,0.0,0,1.0,0.0,0,1.0
599,qwen_qwen3-8b,Rakhine,P120,"Cox's Bazar, coastal areas",Change and Continuity,1966,319,176,24,13.291666666666666,0.5517241379310345,0.8752592592592592,0.3510971786833856,0.012658227848101266,0.5862068965517241,1,2,0.0,0,1,0.0,0.0,0,0,0,2,0,0,0,0,0,0,0,0,0,0,1,1,0,0,0.5,পাহাড়ের কাহিনী কামালের বীতাহত প্রাণ,1.0,0.0,0,1.0,0.0,0,1.0,0.0,0,1.0,0.0,0,1.0
